"INDICATOR";"FREQ";"AGE";"SEX";"LOCATION";"REF_AREA";"SCENARIO";"TIME_PERIOD";"OBS_VALUE"
"SM_POP_NETM";"A";"_T";"_T";"_T";"AFG";"M";"1995";"-123.7232"
"SM_POP_NETM";"A";"_T";"_T";"_T";"AFG";"M";"2000";"27.4314"
"SM_POP_NETM";"A";"_T";"_T";"_T";"AFG";"M";"2005";"-147.8668"
"SM_POP_NETM";"A";"_T";"_T";"_T";"AFG";"M";"2010";"-79.9998"
"SM_POP_NETM";"A";"_T";"_T";"_T";"AFG";"M";"2015";"-53.969"
"SM_POP_NETM";"A";"_T";"_T";"_T";"AFG";"M";"2020";"-4.2996"
"SM_POP_NETM";"A";"_T";"_T";"_T";"AZE";"M";"1995";"-23.957"
"SM_POP_NETM";"A";"_T";"_T";"_T";"AZE";"M";"2000";"2.131"
"SM_POP_NETM";"A";"_T";"_T";"_T";"AZE";"M";"2005";"2.131"
"SM_POP_NETM";"A";"_T";"_T";"_T";"AZE";"M";"2010";"0"
"SM_POP_NETM";"A";"_T";"_T";"_T";"AZE";"M";"2015";"0"
"SM_POP_NETM";"A";"_T";"_T";"_T";"AZE";"M";"2020";"0"
"SM_POP_NETM";"A";"_T";"_T";"_T";"CYP";"M";"1995";"10.652"
"SM_POP_NETM";"A";"_T";"_T";"_T";"CYP";"M";"2000";"12.366"
"SM_POP_NETM";"A";"_T";"_T";"_T";"CYP";"M";"2005";"8.8332"
"SM_POP_NETM";"A";"_T";"_T";"_T";"CYP";"M";"2010";"7"
"SM_POP_NETM";"A";"_T";"_T";"_T";"CYP";"M";"2015";"6"
"SM_POP_NETM";"A";"_T";"_T";"_T";"CYP";"M";"2020";"5"
"SM_POP_NETM";"A";"_T";"_T";"_T";"DJI";"M";"1995";"-3.3002"
"SM_POP_NETM";"A";"_T";"_T";"_T";"DJI";"M";"2000";"-3.6302"
"SM_POP_NETM";"A";"_T";"_T";"_T";"DJI";"M";"2005";"-3.993"
"SM_POP_NETM";"A";"_T";"_T";"_T";"DJI";"M";"2010";"-3.1992"
"SM_POP_NETM";"A";"_T";"_T";"_T";"DJI";"M";"2015";"-3.1992"
"SM_POP_NETM";"A";"_T";"_T";"_T";"DJI";"M";"2020";"-3.1992"
"SM_POP_NETM";"A";"_T";"_T";"_T";"ERI";"M";"1995";"-1.7774"
"SM_POP_NETM";"A";"_T";"_T";"_T";"ERI";"M";"2000";"45.8756"
"SM_POP_NETM";"A";"_T";"_T";"_T";"ERI";"M";"2005";"11.0002"
"SM_POP_NETM";"A";"_T";"_T";"_T";"ERI";"M";"2010";"11.0002"
"SM_POP_NETM";"A";"_T";"_T";"_T";"ERI";"M";"2015";"-0.9998"
"SM_POP_NETM";"A";"_T";"_T";"_T";"ERI";"M";"2020";"-0.9998"
"SM_POP_NETM";"A";"_T";"_T";"_T";"ETH";"M";"1995";"-61.1154"
"SM_POP_NETM";"A";"_T";"_T";"_T";"ETH";"M";"2000";"-16.6364"
"SM_POP_NETM";"A";"_T";"_T";"_T";"ETH";"M";"2005";"-10.0264"
"SM_POP_NETM";"A";"_T";"_T";"_T";"ETH";"M";"2010";"-12.0002"
"SM_POP_NETM";"A";"_T";"_T";"_T";"ETH";"M";"2015";"-12.0002"
"SM_POP_NETM";"A";"_T";"_T";"_T";"ETH";"M";"2020";"-12.0002"
"SM_POP_NETM";"A";"_T";"_T";"_T";"GEO";"M";"1995";"-78.0072"
"SM_POP_NETM";"A";"_T";"_T";"_T";"GEO";"M";"2000";"-61.8042"
"SM_POP_NETM";"A";"_T";"_T";"_T";"GEO";"M";"2005";"-30"
"SM_POP_NETM";"A";"_T";"_T";"_T";"GEO";"M";"2010";"-25.0014"
"SM_POP_NETM";"A";"_T";"_T";"_T";"GEO";"M";"2015";"-21.8748"
"SM_POP_NETM";"A";"_T";"_T";"_T";"GEO";"M";"2020";"-18.7502"
"SM_POP_NETM";"A";"_T";"_T";"_T";"GRC";"M";"1995";"59.4862"
"SM_POP_NETM";"A";"_T";"_T";"_T";"GRC";"M";"2000";"10.8464"
"SM_POP_NETM";"A";"_T";"_T";"_T";"GRC";"M";"2005";"10.8464"
"SM_POP_NETM";"A";"_T";"_T";"_T";"GRC";"M";"2010";"9.9992"
"SM_POP_NETM";"A";"_T";"_T";"_T";"GRC";"M";"2015";"9.9992"
"SM_POP_NETM";"A";"_T";"_T";"_T";"GRC";"M";"2020";"20.0008"
"SM_POP_NETM";"A";"_T";"_T";"_T";"IND";"M";"1995";"-88.573"
"SM_POP_NETM";"A";"_T";"_T";"_T";"IND";"M";"2000";"-384.649"
"SM_POP_NETM";"A";"_T";"_T";"_T";"IND";"M";"2005";"-595.676"
"SM_POP_NETM";"A";"_T";"_T";"_T";"IND";"M";"2010";"-458.8098"
"SM_POP_NETM";"A";"_T";"_T";"_T";"IND";"M";"2015";"-385.6256"
"SM_POP_NETM";"A";"_T";"_T";"_T";"IND";"M";"2020";"-249.3382"
"SM_POP_NETM";"A";"_T";"_T";"_T";"IRN";"M";"1995";"123.0586"
"SM_POP_NETM";"A";"_T";"_T";"_T";"IRN";"M";"2000";"-14.0614"
"SM_POP_NETM";"A";"_T";"_T";"_T";"IRN";"M";"2005";"-109.8532"
"SM_POP_NETM";"A";"_T";"_T";"_T";"IRN";"M";"2010";"-60.0002"
"SM_POP_NETM";"A";"_T";"_T";"_T";"IRN";"M";"2015";"-20.0004"
"SM_POP_NETM";"A";"_T";"_T";"_T";"IRN";"M";"2020";"-20.0006"
"SM_POP_NETM";"A";"_T";"_T";"_T";"IRQ";"M";"1995";"-3.5718"
"SM_POP_NETM";"A";"_T";"_T";"_T";"IRQ";"M";"2000";"-53.264"
"SM_POP_NETM";"A";"_T";"_T";"_T";"IRQ";"M";"2005";"-91.4664"
"SM_POP_NETM";"A";"_T";"_T";"_T";"IRQ";"M";"2010";"89.9996"
"SM_POP_NETM";"A";"_T";"_T";"_T";"IRQ";"M";"2015";"50.3996"
"SM_POP_NETM";"A";"_T";"_T";"_T";"IRQ";"M";"2020";"50.3996"
"SM_POP_NETM";"A";"_T";"_T";"_T";"ISR";"M";"1995";"49.0668"
"SM_POP_NETM";"A";"_T";"_T";"_T";"ISR";"M";"2000";"20.587"
"SM_POP_NETM";"A";"_T";"_T";"_T";"ISR";"M";"2005";"54.727"
"SM_POP_NETM";"A";"_T";"_T";"_T";"ISR";"M";"2010";"-15.197"
"SM_POP_NETM";"A";"_T";"_T";"_T";"ISR";"M";"2015";"8.2002"
"SM_POP_NETM";"A";"_T";"_T";"_T";"ISR";"M";"2020";"7.0002"
"SM_POP_NETM";"A";"_T";"_T";"_T";"ITA";"M";"1995";"44.7948"
"SM_POP_NETM";"A";"_T";"_T";"_T";"ITA";"M";"2000";"370.6976"
"SM_POP_NETM";"A";"_T";"_T";"_T";"ITA";"M";"2005";"382.2614"
"SM_POP_NETM";"A";"_T";"_T";"_T";"ITA";"M";"2010";"180"
"SM_POP_NETM";"A";"_T";"_T";"_T";"ITA";"M";"2015";"150"
"SM_POP_NETM";"A";"_T";"_T";"_T";"ITA";"M";"2020";"120"
"SM_POP_NETM";"A";"_T";"_T";"_T";"JOR";"M";"1995";"-37.6524"
"SM_POP_NETM";"A";"_T";"_T";"_T";"JOR";"M";"2000";"-36.8532"
"SM_POP_NETM";"A";"_T";"_T";"_T";"JOR";"M";"2005";"90.022"
"SM_POP_NETM";"A";"_T";"_T";"_T";"JOR";"M";"2010";"80.0004"
"SM_POP_NETM";"A";"_T";"_T";"_T";"JOR";"M";"2015";"-80.0002"
"SM_POP_NETM";"A";"_T";"_T";"_T";"JOR";"M";"2020";"-10.0002"
"SM_POP_NETM";"A";"_T";"_T";"_T";"KAZ";"M";"1995";"-264.9968"
"SM_POP_NETM";"A";"_T";"_T";"_T";"KAZ";"M";"2000";"8.906"
"SM_POP_NETM";"A";"_T";"_T";"_T";"KAZ";"M";"2005";"-2.2594"
"SM_POP_NETM";"A";"_T";"_T";"_T";"KAZ";"M";"2010";"0"
"SM_POP_NETM";"A";"_T";"_T";"_T";"KAZ";"M";"2015";"0"
"SM_POP_NETM";"A";"_T";"_T";"_T";"KAZ";"M";"2020";"0"
"SM_POP_NETM";"A";"_T";"_T";"_T";"KGZ";"M";"1995";"-6.541"
"SM_POP_NETM";"A";"_T";"_T";"_T";"KGZ";"M";"2000";"-48.3934"
"SM_POP_NETM";"A";"_T";"_T";"_T";"KGZ";"M";"2005";"-25.6242"
"SM_POP_NETM";"A";"_T";"_T";"_T";"KGZ";"M";"2010";"-35.0006"
"SM_POP_NETM";"A";"_T";"_T";"_T";"KGZ";"M";"2015";"-15"
"SM_POP_NETM";"A";"_T";"_T";"_T";"KGZ";"M";"2020";"-15"
"SM_POP_NETM";"A";"_T";"_T";"_T";"KWT";"M";"1995";"25.1046"
"SM_POP_NETM";"A";"_T";"_T";"_T";"KWT";"M";"2000";"40.0348"
"SM_POP_NETM";"A";"_T";"_T";"_T";"KWT";"M";"2005";"89.79"
"SM_POP_NETM";"A";"_T";"_T";"_T";"KWT";"M";"2010";"59.9998"
"SM_POP_NETM";"A";"_T";"_T";"_T";"KWT";"M";"2015";"24.1714"
"SM_POP_NETM";"A";"_T";"_T";"_T";"KWT";"M";"2020";"22.9628"
"SM_POP_NETM";"A";"_T";"_T";"_T";"LBN";"M";"1995";"-5.8856"
"SM_POP_NETM";"A";"_T";"_T";"_T";"LBN";"M";"2000";"110.022"
"SM_POP_NETM";"A";"_T";"_T";"_T";"LBN";"M";"2005";"36.674"
"SM_POP_NETM";"A";"_T";"_T";"_T";"LBN";"M";"2010";"100.0002"
"SM_POP_NETM";"A";"_T";"_T";"_T";"LBN";"M";"2015";"-80.0004"
"SM_POP_NETM";"A";"_T";"_T";"_T";"LBN";"M";"2020";"-4"
"SM_POP_NETM";"A";"_T";"_T";"_T";"LBY";"M";"1995";"-4.134"
"SM_POP_NETM";"A";"_T";"_T";"_T";"LBY";"M";"2000";"-14.973"
"SM_POP_NETM";"A";"_T";"_T";"_T";"LBY";"M";"2005";"-17.7372"
"SM_POP_NETM";"A";"_T";"_T";"_T";"LBY";"M";"2010";"-47.7376"
"SM_POP_NETM";"A";"_T";"_T";"_T";"LBY";"M";"2015";"-1.9994"
"SM_POP_NETM";"A";"_T";"_T";"_T";"LBY";"M";"2020";"-1.9994"
"SM_POP_NETM";"A";"_T";"_T";"_T";"NER";"M";"1995";"4.8112"
"SM_POP_NETM";"A";"_T";"_T";"_T";"NER";"M";"2000";"-5.6994"
"SM_POP_NETM";"A";"_T";"_T";"_T";"NER";"M";"2005";"-5.6994"
"SM_POP_NETM";"A";"_T";"_T";"_T";"NER";"M";"2010";"-5.6994"
"SM_POP_NETM";"A";"_T";"_T";"_T";"NER";"M";"2015";"-5.6994"
"SM_POP_NETM";"A";"_T";"_T";"_T";"NER";"M";"2020";"-5.6994"
"SM_POP_NETM";"A";"_T";"_T";"_T";"OMN";"M";"1995";"-41.8486"
"SM_POP_NETM";"A";"_T";"_T";"_T";"OMN";"M";"2000";"21.3586"
"SM_POP_NETM";"A";"_T";"_T";"_T";"OMN";"M";"2005";"6.5134"
"SM_POP_NETM";"A";"_T";"_T";"_T";"OMN";"M";"2010";"205.9876"
"SM_POP_NETM";"A";"_T";"_T";"_T";"OMN";"M";"2015";"9.098"
"SM_POP_NETM";"A";"_T";"_T";"_T";"OMN";"M";"2020";"-2.6118"
"SM_POP_NETM";"A";"_T";"_T";"_T";"PAK";"M";"1995";"-37.4664"
"SM_POP_NETM";"A";"_T";"_T";"_T";"PAK";"M";"2000";"-350.8414"
"SM_POP_NETM";"A";"_T";"_T";"_T";"PAK";"M";"2005";"-369.4208"
"SM_POP_NETM";"A";"_T";"_T";"_T";"PAK";"M";"2010";"-326.884"
"SM_POP_NETM";"A";"_T";"_T";"_T";"PAK";"M";"2015";"-225.4604"
"SM_POP_NETM";"A";"_T";"_T";"_T";"PAK";"M";"2020";"-158.7256"
"SM_POP_NETM";"A";"_T";"_T";"_T";"PSE";"M";"1995";"14"
"SM_POP_NETM";"A";"_T";"_T";"_T";"PSE";"M";"2000";"-38"
"SM_POP_NETM";"A";"_T";"_T";"_T";"PSE";"M";"2005";"-18"
"SM_POP_NETM";"A";"_T";"_T";"_T";"PSE";"M";"2010";"-8.75"
"SM_POP_NETM";"A";"_T";"_T";"_T";"PSE";"M";"2015";"-6.5626"
"SM_POP_NETM";"A";"_T";"_T";"_T";"PSE";"M";"2020";"-5"
"SM_POP_NETM";"A";"_T";"_T";"_T";"QAT";"M";"1995";"8.568"
"SM_POP_NETM";"A";"_T";"_T";"_T";"QAT";"M";"2000";"34.0804"
"SM_POP_NETM";"A";"_T";"_T";"_T";"QAT";"M";"2005";"171.4176"
"SM_POP_NETM";"A";"_T";"_T";"_T";"QAT";"M";"2010";"99.9996"
"SM_POP_NETM";"A";"_T";"_T";"_T";"QAT";"M";"2015";"17.8394"
"SM_POP_NETM";"A";"_T";"_T";"_T";"QAT";"M";"2020";"6.9534"
"SM_POP_NETM";"A";"_T";"_T";"_T";"RUS";"M";"1995";"461.644"
"SM_POP_NETM";"A";"_T";"_T";"_T";"RUS";"M";"2000";"327.0648"
"SM_POP_NETM";"A";"_T";"_T";"_T";"RUS";"M";"2005";"451.47"
"SM_POP_NETM";"A";"_T";"_T";"_T";"RUS";"M";"2010";"220.0004"
"SM_POP_NETM";"A";"_T";"_T";"_T";"RUS";"M";"2015";"180.0002"
"SM_POP_NETM";"A";"_T";"_T";"_T";"RUS";"M";"2020";"119.9998"
"SM_POP_NETM";"A";"_T";"_T";"_T";"SAU";"M";"1995";"-175.3782"
"SM_POP_NETM";"A";"_T";"_T";"_T";"SAU";"M";"2000";"439.5048"
"SM_POP_NETM";"A";"_T";"_T";"_T";"SAU";"M";"2005";"31.4252"
"SM_POP_NETM";"A";"_T";"_T";"_T";"SAU";"M";"2010";"60"
"SM_POP_NETM";"A";"_T";"_T";"_T";"SAU";"M";"2015";"60"
"SM_POP_NETM";"A";"_T";"_T";"_T";"SAU";"M";"2020";"35.9994"
"SM_POP_NETM";"A";"_T";"_T";"_T";"SDN";"M";"1995";"-128"
"SM_POP_NETM";"A";"_T";"_T";"_T";"SDN";"M";"2000";"-86"
"SM_POP_NETM";"A";"_T";"_T";"_T";"SDN";"M";"2005";"-100"
"SM_POP_NETM";"A";"_T";"_T";"_T";"SDN";"M";"2010";"-160"
"SM_POP_NETM";"A";"_T";"_T";"_T";"SDN";"M";"2015";"-20"
"SM_POP_NETM";"A";"_T";"_T";"_T";"SDN";"M";"2020";"-15"
"SM_POP_NETM";"A";"_T";"_T";"_T";"SSD";"M";"1995";"80"
"SM_POP_NETM";"A";"_T";"_T";"_T";"SSD";"M";"2000";"86.4"
"SM_POP_NETM";"A";"_T";"_T";"_T";"SSD";"M";"2005";"157"
"SM_POP_NETM";"A";"_T";"_T";"_T";"SSD";"M";"2010";"173"
"SM_POP_NETM";"A";"_T";"_T";"_T";"SSD";"M";"2015";"30"
"SM_POP_NETM";"A";"_T";"_T";"_T";"SSD";"M";"2020";"10"
"SM_POP_NETM";"A";"_T";"_T";"_T";"SYR";"M";"1995";"-26"
"SM_POP_NETM";"A";"_T";"_T";"_T";"SYR";"M";"2000";"-75.982"
"SM_POP_NETM";"A";"_T";"_T";"_T";"SYR";"M";"2005";"228.1432"
"SM_POP_NETM";"A";"_T";"_T";"_T";"SYR";"M";"2010";"-300"
"SM_POP_NETM";"A";"_T";"_T";"_T";"SYR";"M";"2015";"249.9996"
"SM_POP_NETM";"A";"_T";"_T";"_T";"SYR";"M";"2020";"-34.65"
"SM_POP_NETM";"A";"_T";"_T";"_T";"TCD";"M";"1995";"13.8888"
"SM_POP_NETM";"A";"_T";"_T";"_T";"TCD";"M";"2000";"43.7932"
"SM_POP_NETM";"A";"_T";"_T";"_T";"TCD";"M";"2005";"-10"
"SM_POP_NETM";"A";"_T";"_T";"_T";"TCD";"M";"2010";"-24"
"SM_POP_NETM";"A";"_T";"_T";"_T";"TCD";"M";"2015";"-24"
"SM_POP_NETM";"A";"_T";"_T";"_T";"TCD";"M";"2020";"-6"
"SM_POP_NETM";"A";"_T";"_T";"_T";"TJK";"M";"1995";"-64.9586"
"SM_POP_NETM";"A";"_T";"_T";"_T";"TJK";"M";"2000";"-19.3084"
"SM_POP_NETM";"A";"_T";"_T";"_T";"TJK";"M";"2005";"-12.4712"
"SM_POP_NETM";"A";"_T";"_T";"_T";"TJK";"M";"2010";"-19.9998"
"SM_POP_NETM";"A";"_T";"_T";"_T";"TJK";"M";"2015";"-19.9998"
"SM_POP_NETM";"A";"_T";"_T";"_T";"TJK";"M";"2020";"-19.9998"
"SM_POP_NETM";"A";"_T";"_T";"_T";"ARE";"M";"1995";"92.891"
"SM_POP_NETM";"A";"_T";"_T";"_T";"ARE";"M";"2000";"172.7568"
"SM_POP_NETM";"A";"_T";"_T";"_T";"ARE";"M";"2005";"762.4386"
"SM_POP_NETM";"A";"_T";"_T";"_T";"ARE";"M";"2010";"102.8084"
"SM_POP_NETM";"A";"_T";"_T";"_T";"ARE";"M";"2015";"103.8006"
"SM_POP_NETM";"A";"_T";"_T";"_T";"ARE";"M";"2020";"96.9046"
"SM_POP_NETM";"A";"_T";"_T";"_T";"EGY";"M";"1995";"-189.1408"
"SM_POP_NETM";"A";"_T";"_T";"_T";"EGY";"M";"2000";"-74.156"
"SM_POP_NETM";"A";"_T";"_T";"_T";"EGY";"M";"2005";"-69.3844"
"SM_POP_NETM";"A";"_T";"_T";"_T";"EGY";"M";"2010";"-43.1362"
"SM_POP_NETM";"A";"_T";"_T";"_T";"EGY";"M";"2015";"-53.1362"
"SM_POP_NETM";"A";"_T";"_T";"_T";"EGY";"M";"2020";"-53.1362"
"SM_POP_NETM";"A";"_T";"_T";"_T";"TKM";"M";"1995";"-12.0648"
"SM_POP_NETM";"A";"_T";"_T";"_T";"TKM";"M";"2000";"-22.8908"
"SM_POP_NETM";"A";"_T";"_T";"_T";"TKM";"M";"2005";"-11.4096"
"SM_POP_NETM";"A";"_T";"_T";"_T";"TKM";"M";"2010";"-4.9996"
"SM_POP_NETM";"A";"_T";"_T";"_T";"TKM";"M";"2015";"-5.0002"
"SM_POP_NETM";"A";"_T";"_T";"_T";"TKM";"M";"2020";"-4.9996"
"SM_POP_NETM";"A";"_T";"_T";"_T";"TUR";"M";"1995";"-29.9996"
"SM_POP_NETM";"A";"_T";"_T";"_T";"TUR";"M";"2000";"-20.0004"
"SM_POP_NETM";"A";"_T";"_T";"_T";"TUR";"M";"2005";"-10"
"SM_POP_NETM";"A";"_T";"_T";"_T";"TUR";"M";"2010";"70"
"SM_POP_NETM";"A";"_T";"_T";"_T";"TUR";"M";"2015";"-48.0006"
"SM_POP_NETM";"A";"_T";"_T";"_T";"TUR";"M";"2020";"-22.0006"
"SM_POP_NETM";"A";"_T";"_T";"_T";"UZB";"M";"1995";"-74.8406"
"SM_POP_NETM";"A";"_T";"_T";"_T";"UZB";"M";"2000";"-155.924"
"SM_POP_NETM";"A";"_T";"_T";"_T";"UZB";"M";"2005";"-88.6848"
"SM_POP_NETM";"A";"_T";"_T";"_T";"UZB";"M";"2010";"-40"
"SM_POP_NETM";"A";"_T";"_T";"_T";"UZB";"M";"2015";"-40"
"SM_POP_NETM";"A";"_T";"_T";"_T";"UZB";"M";"2020";"-40"
"SM_POP_NETM";"A";"_T";"_T";"_T";"YEM";"M";"1995";"-20"
"SM_POP_NETM";"A";"_T";"_T";"_T";"YEM";"M";"2000";"-20"
"SM_POP_NETM";"A";"_T";"_T";"_T";"YEM";"M";"2005";"-27"
"SM_POP_NETM";"A";"_T";"_T";"_T";"YEM";"M";"2010";"-27"
"SM_POP_NETM";"A";"_T";"_T";"_T";"YEM";"M";"2015";"-20"
"SM_POP_NETM";"A";"_T";"_T";"_T";"YEM";"M";"2020";"-20"
"SM_POP_NETM";"A";"_T";"_T";"_T";"BHR";"M";"1995";"8.8944"
"SM_POP_NETM";"A";"_T";"_T";"_T";"BHR";"M";"2000";"28.6672"
"SM_POP_NETM";"A";"_T";"_T";"_T";"BHR";"M";"2005";"58.6392"
"SM_POP_NETM";"A";"_T";"_T";"_T";"BHR";"M";"2010";"4.4162"
"SM_POP_NETM";"A";"_T";"_T";"_T";"BHR";"M";"2015";"8.6002"
"SM_POP_NETM";"A";"_T";"_T";"_T";"BHR";"M";"2020";"4.5996"
"SM_POP_NMRT";"A";"_T";"_T";"_T";"BHR";"M";"1995";"14.439"
"SM_POP_NMRT";"A";"_T";"_T";"_T";"BHR";"M";"2000";"37.043"
"SM_POP_NMRT";"A";"_T";"_T";"_T";"BHR";"M";"2005";"55.033"
"SM_POP_NMRT";"A";"_T";"_T";"_T";"BHR";"M";"2010";"3.382"
"SM_POP_NMRT";"A";"_T";"_T";"_T";"BHR";"M";"2015";"6.057"
"SM_POP_NMRT";"A";"_T";"_T";"_T";"BHR";"M";"2020";"3.015"
"SM_POP_NMRT";"A";"_T";"_T";"_T";"AFG";"M";"1995";"-6.481"
"SM_POP_NMRT";"A";"_T";"_T";"_T";"AFG";"M";"2000";"1.207"
"SM_POP_NMRT";"A";"_T";"_T";"_T";"AFG";"M";"2005";"-5.553"
"SM_POP_NMRT";"A";"_T";"_T";"_T";"AFG";"M";"2010";"-2.649"
"SM_POP_NMRT";"A";"_T";"_T";"_T";"AFG";"M";"2015";"-1.595"
"SM_POP_NMRT";"A";"_T";"_T";"_T";"AFG";"M";"2020";"-0.114"
"SM_POP_NMRT";"A";"_T";"_T";"_T";"AZE";"M";"1995";"-3.016"
"SM_POP_NMRT";"A";"_T";"_T";"_T";"AZE";"M";"2000";"0.255"
"SM_POP_NMRT";"A";"_T";"_T";"_T";"AZE";"M";"2005";"0.241"
"SM_POP_NMRT";"A";"_T";"_T";"_T";"AZE";"M";"2010";"0"
"SM_POP_NMRT";"A";"_T";"_T";"_T";"AZE";"M";"2015";"0"
"SM_POP_NMRT";"A";"_T";"_T";"_T";"AZE";"M";"2020";"0"
"SM_POP_NMRT";"A";"_T";"_T";"_T";"CYP";"M";"1995";"11.844"
"SM_POP_NMRT";"A";"_T";"_T";"_T";"CYP";"M";"2000";"12.517"
"SM_POP_NMRT";"A";"_T";"_T";"_T";"CYP";"M";"2005";"8.27"
"SM_POP_NMRT";"A";"_T";"_T";"_T";"CYP";"M";"2010";"6.172"
"SM_POP_NMRT";"A";"_T";"_T";"_T";"CYP";"M";"2015";"5.034"
"SM_POP_NMRT";"A";"_T";"_T";"_T";"CYP";"M";"2020";"4.024"
"SM_POP_NMRT";"A";"_T";"_T";"_T";"DJI";"M";"1995";"-4.759"
"SM_POP_NMRT";"A";"_T";"_T";"_T";"DJI";"M";"2000";"-4.842"
"SM_POP_NMRT";"A";"_T";"_T";"_T";"DJI";"M";"2005";"-4.958"
"SM_POP_NMRT";"A";"_T";"_T";"_T";"DJI";"M";"2010";"-3.691"
"SM_POP_NMRT";"A";"_T";"_T";"_T";"DJI";"M";"2015";"-3.432"
"SM_POP_NMRT";"A";"_T";"_T";"_T";"DJI";"M";"2020";"-3.218"
"SM_POP_NMRT";"A";"_T";"_T";"_T";"ERI";"M";"1995";"-0.484"
"SM_POP_NMRT";"A";"_T";"_T";"_T";"ERI";"M";"2000";"10.434"
"SM_POP_NMRT";"A";"_T";"_T";"_T";"ERI";"M";"2005";"2.076"
"SM_POP_NMRT";"A";"_T";"_T";"_T";"ERI";"M";"2010";"1.763"
"SM_POP_NMRT";"A";"_T";"_T";"_T";"ERI";"M";"2015";"-0.138"
"SM_POP_NMRT";"A";"_T";"_T";"_T";"ERI";"M";"2020";"-0.121"
"SM_POP_NMRT";"A";"_T";"_T";"_T";"ETH";"M";"1995";"-0.993"
"SM_POP_NMRT";"A";"_T";"_T";"_T";"ETH";"M";"2000";"-0.234"
"SM_POP_NMRT";"A";"_T";"_T";"_T";"ETH";"M";"2005";"-0.123"
"SM_POP_NMRT";"A";"_T";"_T";"_T";"ETH";"M";"2010";"-0.129"
"SM_POP_NMRT";"A";"_T";"_T";"_T";"ETH";"M";"2015";"-0.114"
"SM_POP_NMRT";"A";"_T";"_T";"_T";"ETH";"M";"2020";"-0.102"
"SM_POP_NMRT";"A";"_T";"_T";"_T";"GEO";"M";"1995";"-15.902"
"SM_POP_NMRT";"A";"_T";"_T";"_T";"GEO";"M";"2000";"-13.408"
"SM_POP_NMRT";"A";"_T";"_T";"_T";"GEO";"M";"2005";"-6.769"
"SM_POP_NMRT";"A";"_T";"_T";"_T";"GEO";"M";"2010";"-5.752"
"SM_POP_NMRT";"A";"_T";"_T";"_T";"GEO";"M";"2015";"-5.143"
"SM_POP_NMRT";"A";"_T";"_T";"_T";"GEO";"M";"2020";"-4.528"
"SM_POP_NMRT";"A";"_T";"_T";"_T";"GRC";"M";"1995";"5.493"
"SM_POP_NMRT";"A";"_T";"_T";"_T";"GRC";"M";"2000";"0.985"
"SM_POP_NMRT";"A";"_T";"_T";"_T";"GRC";"M";"2005";"0.979"
"SM_POP_NMRT";"A";"_T";"_T";"_T";"GRC";"M";"2010";"0.899"
"SM_POP_NMRT";"A";"_T";"_T";"_T";"GRC";"M";"2015";"0.901"
"SM_POP_NMRT";"A";"_T";"_T";"_T";"GRC";"M";"2020";"1.809"
"SM_POP_NMRT";"A";"_T";"_T";"_T";"IND";"M";"1995";"-0.089"
"SM_POP_NMRT";"A";"_T";"_T";"_T";"IND";"M";"2000";"-0.355"
"SM_POP_NMRT";"A";"_T";"_T";"_T";"IND";"M";"2005";"-0.511"
"SM_POP_NMRT";"A";"_T";"_T";"_T";"IND";"M";"2010";"-0.369"
"SM_POP_NMRT";"A";"_T";"_T";"_T";"IND";"M";"2015";"-0.293"
"SM_POP_NMRT";"A";"_T";"_T";"_T";"IND";"M";"2020";"-0.18"
"SM_POP_NMRT";"A";"_T";"_T";"_T";"IRN";"M";"1995";"1.947"
"SM_POP_NMRT";"A";"_T";"_T";"_T";"IRN";"M";"2000";"-0.207"
"SM_POP_NMRT";"A";"_T";"_T";"_T";"IRN";"M";"2005";"-1.519"
"SM_POP_NMRT";"A";"_T";"_T";"_T";"IRN";"M";"2010";"-0.78"
"SM_POP_NMRT";"A";"_T";"_T";"_T";"IRN";"M";"2015";"-0.244"
"SM_POP_NMRT";"A";"_T";"_T";"_T";"IRN";"M";"2020";"-0.232"
"SM_POP_NMRT";"A";"_T";"_T";"_T";"IRQ";"M";"1995";"-0.162"
"SM_POP_NMRT";"A";"_T";"_T";"_T";"IRQ";"M";"2000";"-2.082"
"SM_POP_NMRT";"A";"_T";"_T";"_T";"IRQ";"M";"2005";"-3.136"
"SM_POP_NMRT";"A";"_T";"_T";"_T";"IRQ";"M";"2010";"2.697"
"SM_POP_NMRT";"A";"_T";"_T";"_T";"IRQ";"M";"2015";"1.318"
"SM_POP_NMRT";"A";"_T";"_T";"_T";"IRQ";"M";"2020";"1.164"
"SM_POP_NMRT";"A";"_T";"_T";"_T";"ISR";"M";"1995";"8.65"
"SM_POP_NMRT";"A";"_T";"_T";"_T";"ISR";"M";"2000";"3.263"
"SM_POP_NMRT";"A";"_T";"_T";"_T";"ISR";"M";"2005";"7.805"
"SM_POP_NMRT";"A";"_T";"_T";"_T";"ISR";"M";"2010";"-1.981"
"SM_POP_NMRT";"A";"_T";"_T";"_T";"ISR";"M";"2015";"0.998"
"SM_POP_NMRT";"A";"_T";"_T";"_T";"ISR";"M";"2020";"0.796"
"SM_POP_NMRT";"A";"_T";"_T";"_T";"ITA";"M";"1995";"0.786"
"SM_POP_NMRT";"A";"_T";"_T";"_T";"ITA";"M";"2000";"6.41"
"SM_POP_NMRT";"A";"_T";"_T";"_T";"ITA";"M";"2005";"6.415"
"SM_POP_NMRT";"A";"_T";"_T";"_T";"ITA";"M";"2010";"2.959"
"SM_POP_NMRT";"A";"_T";"_T";"_T";"ITA";"M";"2015";"2.448"
"SM_POP_NMRT";"A";"_T";"_T";"_T";"ITA";"M";"2020";"1.956"
"SM_POP_NMRT";"A";"_T";"_T";"_T";"JOR";"M";"1995";"-8.287"
"SM_POP_NMRT";"A";"_T";"_T";"_T";"JOR";"M";"2000";"-7.366"
"SM_POP_NMRT";"A";"_T";"_T";"_T";"JOR";"M";"2005";"15.396"
"SM_POP_NMRT";"A";"_T";"_T";"_T";"JOR";"M";"2010";"11.312"
"SM_POP_NMRT";"A";"_T";"_T";"_T";"JOR";"M";"2015";"-10.142"
"SM_POP_NMRT";"A";"_T";"_T";"_T";"JOR";"M";"2020";"-1.188"
"SM_POP_NMRT";"A";"_T";"_T";"_T";"KAZ";"M";"1995";"-17.593"
"SM_POP_NMRT";"A";"_T";"_T";"_T";"KAZ";"M";"2000";"0.601"
"SM_POP_NMRT";"A";"_T";"_T";"_T";"KAZ";"M";"2005";"-0.146"
"SM_POP_NMRT";"A";"_T";"_T";"_T";"KAZ";"M";"2010";"0"
"SM_POP_NMRT";"A";"_T";"_T";"_T";"KAZ";"M";"2015";"0"
"SM_POP_NMRT";"A";"_T";"_T";"_T";"KAZ";"M";"2020";"0"
"SM_POP_NMRT";"A";"_T";"_T";"_T";"KGZ";"M";"1995";"-1.37"
"SM_POP_NMRT";"A";"_T";"_T";"_T";"KGZ";"M";"2000";"-9.681"
"SM_POP_NMRT";"A";"_T";"_T";"_T";"KGZ";"M";"2005";"-4.939"
"SM_POP_NMRT";"A";"_T";"_T";"_T";"KGZ";"M";"2010";"-6.34"
"SM_POP_NMRT";"A";"_T";"_T";"_T";"KGZ";"M";"2015";"-2.527"
"SM_POP_NMRT";"A";"_T";"_T";"_T";"KGZ";"M";"2020";"-2.359"
"SM_POP_NMRT";"A";"_T";"_T";"_T";"KWT";"M";"1995";"14.377"
"SM_POP_NMRT";"A";"_T";"_T";"_T";"KWT";"M";"2000";"19.053"
"SM_POP_NMRT";"A";"_T";"_T";"_T";"KWT";"M";"2005";"33.961"
"SM_POP_NMRT";"A";"_T";"_T";"_T";"KWT";"M";"2010";"18.251"
"SM_POP_NMRT";"A";"_T";"_T";"_T";"KWT";"M";"2015";"6.362"
"SM_POP_NMRT";"A";"_T";"_T";"_T";"KWT";"M";"2020";"5.437"
"SM_POP_NMRT";"A";"_T";"_T";"_T";"LBN";"M";"1995";"-1.878"
"SM_POP_NMRT";"A";"_T";"_T";"_T";"LBN";"M";"2000";"30.468"
"SM_POP_NMRT";"A";"_T";"_T";"_T";"LBN";"M";"2005";"8.807"
"SM_POP_NMRT";"A";"_T";"_T";"_T";"LBN";"M";"2010";"21.289"
"SM_POP_NMRT";"A";"_T";"_T";"_T";"LBN";"M";"2015";"-16.112"
"SM_POP_NMRT";"A";"_T";"_T";"_T";"LBN";"M";"2020";"-0.806"
"SM_POP_NMRT";"A";"_T";"_T";"_T";"LBY";"M";"1995";"-0.833"
"SM_POP_NMRT";"A";"_T";"_T";"_T";"LBY";"M";"2000";"-2.78"
"SM_POP_NMRT";"A";"_T";"_T";"_T";"LBY";"M";"2005";"-3.049"
"SM_POP_NMRT";"A";"_T";"_T";"_T";"LBY";"M";"2010";"-7.726"
"SM_POP_NMRT";"A";"_T";"_T";"_T";"LBY";"M";"2015";"-0.306"
"SM_POP_NMRT";"A";"_T";"_T";"_T";"LBY";"M";"2020";"-0.287"
"SM_POP_NMRT";"A";"_T";"_T";"_T";"NER";"M";"1995";"0.477"
"SM_POP_NMRT";"A";"_T";"_T";"_T";"NER";"M";"2000";"-0.472"
"SM_POP_NMRT";"A";"_T";"_T";"_T";"NER";"M";"2005";"-0.392"
"SM_POP_NMRT";"A";"_T";"_T";"_T";"NER";"M";"2010";"-0.324"
"SM_POP_NMRT";"A";"_T";"_T";"_T";"NER";"M";"2015";"-0.267"
"SM_POP_NMRT";"A";"_T";"_T";"_T";"NER";"M";"2020";"-0.22"
"SM_POP_NMRT";"A";"_T";"_T";"_T";"OMN";"M";"1995";"-19.253"
"SM_POP_NMRT";"A";"_T";"_T";"_T";"OMN";"M";"2000";"9.06"
"SM_POP_NMRT";"A";"_T";"_T";"_T";"OMN";"M";"2005";"2.446"
"SM_POP_NMRT";"A";"_T";"_T";"_T";"OMN";"M";"2010";"59.187"
"SM_POP_NMRT";"A";"_T";"_T";"_T";"OMN";"M";"2015";"2.098"
"SM_POP_NMRT";"A";"_T";"_T";"_T";"OMN";"M";"2020";"-0.563"
"SM_POP_NMRT";"A";"_T";"_T";"_T";"PAK";"M";"1995";"-0.277"
"SM_POP_NMRT";"A";"_T";"_T";"_T";"PAK";"M";"2000";"-2.325"
"SM_POP_NMRT";"A";"_T";"_T";"_T";"PAK";"M";"2005";"-2.231"
"SM_POP_NMRT";"A";"_T";"_T";"_T";"PAK";"M";"2010";"-1.81"
"SM_POP_NMRT";"A";"_T";"_T";"_T";"PAK";"M";"2015";"-1.152"
"SM_POP_NMRT";"A";"_T";"_T";"_T";"PAK";"M";"2020";"-0.753"
"SM_POP_NMRT";"A";"_T";"_T";"_T";"PSE";"M";"1995";"4.825"
"SM_POP_NMRT";"A";"_T";"_T";"_T";"PSE";"M";"2000";"-11.235"
"SM_POP_NMRT";"A";"_T";"_T";"_T";"PSE";"M";"2005";"-4.754"
"SM_POP_NMRT";"A";"_T";"_T";"_T";"PSE";"M";"2010";"-2.044"
"SM_POP_NMRT";"A";"_T";"_T";"_T";"PSE";"M";"2015";"-1.355"
"SM_POP_NMRT";"A";"_T";"_T";"_T";"PSE";"M";"2020";"-0.917"
"SM_POP_NMRT";"A";"_T";"_T";"_T";"QAT";"M";"1995";"15.652"
"SM_POP_NMRT";"A";"_T";"_T";"_T";"QAT";"M";"2000";"48.175"
"SM_POP_NMRT";"A";"_T";"_T";"_T";"QAT";"M";"2005";"133.354"
"SM_POP_NMRT";"A";"_T";"_T";"_T";"QAT";"M";"2010";"48.777"
"SM_POP_NMRT";"A";"_T";"_T";"_T";"QAT";"M";"2015";"7.291"
"SM_POP_NMRT";"A";"_T";"_T";"_T";"QAT";"M";"2020";"2.672"
"SM_POP_NMRT";"A";"_T";"_T";"_T";"RUS";"M";"1995";"3.126"
"SM_POP_NMRT";"A";"_T";"_T";"_T";"RUS";"M";"2000";"2.25"
"SM_POP_NMRT";"A";"_T";"_T";"_T";"RUS";"M";"2005";"3.14"
"SM_POP_NMRT";"A";"_T";"_T";"_T";"RUS";"M";"2010";"1.54"
"SM_POP_NMRT";"A";"_T";"_T";"_T";"RUS";"M";"2015";"1.276"
"SM_POP_NMRT";"A";"_T";"_T";"_T";"RUS";"M";"2020";"0.866"
"SM_POP_NMRT";"A";"_T";"_T";"_T";"SAU";"M";"1995";"-9.061"
"SM_POP_NMRT";"A";"_T";"_T";"_T";"SAU";"M";"2000";"19.606"
"SM_POP_NMRT";"A";"_T";"_T";"_T";"SAU";"M";"2005";"1.21"
"SM_POP_NMRT";"A";"_T";"_T";"_T";"SAU";"M";"2010";"2.1"
"SM_POP_NMRT";"A";"_T";"_T";"_T";"SAU";"M";"2015";"1.928"
"SM_POP_NMRT";"A";"_T";"_T";"_T";"SAU";"M";"2020";"1.082"
"SM_POP_NMRT";"A";"_T";"_T";"_T";"SDN";"M";"1995";"-4.899"
"SM_POP_NMRT";"A";"_T";"_T";"_T";"SDN";"M";"2000";"-2.9"
"SM_POP_NMRT";"A";"_T";"_T";"_T";"SDN";"M";"2005";"-2.975"
"SM_POP_NMRT";"A";"_T";"_T";"_T";"SDN";"M";"2010";"-4.252"
"SM_POP_NMRT";"A";"_T";"_T";"_T";"SDN";"M";"2015";"-0.476"
"SM_POP_NMRT";"A";"_T";"_T";"_T";"SDN";"M";"2020";"-0.319"
"SM_POP_NMRT";"A";"_T";"_T";"_T";"SSD";"M";"1995";"13.237"
"SM_POP_NMRT";"A";"_T";"_T";"_T";"SSD";"M";"2000";"11.761"
"SM_POP_NMRT";"A";"_T";"_T";"_T";"SSD";"M";"2005";"17.464"
"SM_POP_NMRT";"A";"_T";"_T";"_T";"SSD";"M";"2010";"15.661"
"SM_POP_NMRT";"A";"_T";"_T";"_T";"SSD";"M";"2015";"2.307"
"SM_POP_NMRT";"A";"_T";"_T";"_T";"SSD";"M";"2020";"0.68"
"SM_POP_NMRT";"A";"_T";"_T";"_T";"SYR";"M";"1995";"-1.693"
"SM_POP_NMRT";"A";"_T";"_T";"_T";"SYR";"M";"2000";"-4.4"
"SM_POP_NMRT";"A";"_T";"_T";"_T";"SYR";"M";"2005";"11.493"
"SM_POP_NMRT";"A";"_T";"_T";"_T";"SYR";"M";"2010";"-13.699"
"SM_POP_NMRT";"A";"_T";"_T";"_T";"SYR";"M";"2015";"10.417"
"SM_POP_NMRT";"A";"_T";"_T";"_T";"SYR";"M";"2020";"-1.293"
"SM_POP_NMRT";"A";"_T";"_T";"_T";"TCD";"M";"1995";"1.818"
"SM_POP_NMRT";"A";"_T";"_T";"_T";"TCD";"M";"2000";"4.782"
"SM_POP_NMRT";"A";"_T";"_T";"_T";"TCD";"M";"2005";"-0.92"
"SM_POP_NMRT";"A";"_T";"_T";"_T";"TCD";"M";"2010";"-1.895"
"SM_POP_NMRT";"A";"_T";"_T";"_T";"TCD";"M";"2015";"-1.636"
"SM_POP_NMRT";"A";"_T";"_T";"_T";"TCD";"M";"2020";"-0.354"
"SM_POP_NMRT";"A";"_T";"_T";"_T";"TJK";"M";"1995";"-10.853"
"SM_POP_NMRT";"A";"_T";"_T";"_T";"TJK";"M";"2000";"-2.972"
"SM_POP_NMRT";"A";"_T";"_T";"_T";"TJK";"M";"2005";"-1.728"
"SM_POP_NMRT";"A";"_T";"_T";"_T";"TJK";"M";"2010";"-2.463"
"SM_POP_NMRT";"A";"_T";"_T";"_T";"TJK";"M";"2015";"-2.196"
"SM_POP_NMRT";"A";"_T";"_T";"_T";"TJK";"M";"2020";"-1.986"
"SM_POP_NMRT";"A";"_T";"_T";"_T";"ARE";"M";"1995";"34.579"
"SM_POP_NMRT";"A";"_T";"_T";"_T";"ARE";"M";"2000";"48.154"
"SM_POP_NMRT";"A";"_T";"_T";"_T";"ARE";"M";"2005";"121.114"
"SM_POP_NMRT";"A";"_T";"_T";"_T";"ARE";"M";"2010";"11.411"
"SM_POP_NMRT";"A";"_T";"_T";"_T";"ARE";"M";"2015";"10.288"
"SM_POP_NMRT";"A";"_T";"_T";"_T";"ARE";"M";"2020";"8.777"
"SM_POP_NMRT";"A";"_T";"_T";"_T";"EGY";"M";"1995";"-2.971"
"SM_POP_NMRT";"A";"_T";"_T";"_T";"EGY";"M";"2000";"-1.075"
"SM_POP_NMRT";"A";"_T";"_T";"_T";"EGY";"M";"2005";"-0.926"
"SM_POP_NMRT";"A";"_T";"_T";"_T";"EGY";"M";"2010";"-0.53"
"SM_POP_NMRT";"A";"_T";"_T";"_T";"EGY";"M";"2015";"-0.605"
"SM_POP_NMRT";"A";"_T";"_T";"_T";"EGY";"M";"2020";"-0.565"
"SM_POP_NMRT";"A";"_T";"_T";"_T";"TKM";"M";"1995";"-2.777"
"SM_POP_NMRT";"A";"_T";"_T";"_T";"TKM";"M";"2000";"-4.95"
"SM_POP_NMRT";"A";"_T";"_T";"_T";"TKM";"M";"2005";"-2.331"
"SM_POP_NMRT";"A";"_T";"_T";"_T";"TKM";"M";"2010";"-0.96"
"SM_POP_NMRT";"A";"_T";"_T";"_T";"TKM";"M";"2015";"-0.904"
"SM_POP_NMRT";"A";"_T";"_T";"_T";"TKM";"M";"2020";"-0.859"
"SM_POP_NMRT";"A";"_T";"_T";"_T";"TUR";"M";"1995";"-0.493"
"SM_POP_NMRT";"A";"_T";"_T";"_T";"TUR";"M";"2000";"-0.306"
"SM_POP_NMRT";"A";"_T";"_T";"_T";"TUR";"M";"2005";"-0.143"
"SM_POP_NMRT";"A";"_T";"_T";"_T";"TUR";"M";"2010";"0.941"
"SM_POP_NMRT";"A";"_T";"_T";"_T";"TUR";"M";"2015";"-0.611"
"SM_POP_NMRT";"A";"_T";"_T";"_T";"TUR";"M";"2020";"-0.268"
"SM_POP_NMRT";"A";"_T";"_T";"_T";"UZB";"M";"1995";"-3.133"
"SM_POP_NMRT";"A";"_T";"_T";"_T";"UZB";"M";"2000";"-6.13"
"SM_POP_NMRT";"A";"_T";"_T";"_T";"UZB";"M";"2005";"-3.296"
"SM_POP_NMRT";"A";"_T";"_T";"_T";"UZB";"M";"2010";"-1.392"
"SM_POP_NMRT";"A";"_T";"_T";"_T";"UZB";"M";"2015";"-1.307"
"SM_POP_NMRT";"A";"_T";"_T";"_T";"UZB";"M";"2020";"-1.241"
"SM_POP_NMRT";"A";"_T";"_T";"_T";"YEM";"M";"1995";"-1.229"
"SM_POP_NMRT";"A";"_T";"_T";"_T";"YEM";"M";"2000";"-1.062"
"SM_POP_NMRT";"A";"_T";"_T";"_T";"YEM";"M";"2005";"-1.259"
"SM_POP_NMRT";"A";"_T";"_T";"_T";"YEM";"M";"2010";"-1.118"
"SM_POP_NMRT";"A";"_T";"_T";"_T";"YEM";"M";"2015";"-0.741"
"SM_POP_NMRT";"A";"_T";"_T";"_T";"YEM";"M";"2020";"-0.67"
"SP_POP_CHGE";"A";"_T";"_T";"_T";"AFG";"M";"1995";"601.8574"
"SP_POP_CHGE";"A";"_T";"_T";"_T";"AFG";"M";"2000";"853.099"
"SP_POP_CHGE";"A";"_T";"_T";"_T";"AFG";"M";"2005";"707.3914"
"SP_POP_CHGE";"A";"_T";"_T";"_T";"AFG";"M";"2010";"721.7952"
"SP_POP_CHGE";"A";"_T";"_T";"_T";"AFG";"M";"2015";"732.023199999999"
"SP_POP_CHGE";"A";"_T";"_T";"_T";"AFG";"M";"2020";"780.839200000001"
"SP_POP_CHGE";"A";"_T";"_T";"_T";"AZE";"M";"1995";"69.3871999999999"
"SP_POP_CHGE";"A";"_T";"_T";"_T";"AZE";"M";"2000";"89.1312000000002"
"SP_POP_CHGE";"A";"_T";"_T";"_T";"AZE";"M";"2005";"106.264"
"SP_POP_CHGE";"A";"_T";"_T";"_T";"AZE";"M";"2010";"103.5724"
"SP_POP_CHGE";"A";"_T";"_T";"_T";"AZE";"M";"2015";"83.4455999999998"
"SP_POP_CHGE";"A";"_T";"_T";"_T";"AZE";"M";"2020";"55.9021999999997"
"SP_POP_CHGE";"A";"_T";"_T";"_T";"CYP";"M";"1995";"17.5796"
"SP_POP_CHGE";"A";"_T";"_T";"_T";"CYP";"M";"2000";"17.8598"
"SP_POP_CHGE";"A";"_T";"_T";"_T";"CYP";"M";"2005";"14.2198"
"SP_POP_CHGE";"A";"_T";"_T";"_T";"CYP";"M";"2010";"12.202"
"SP_POP_CHGE";"A";"_T";"_T";"_T";"CYP";"M";"2015";"10.8958"
"SP_POP_CHGE";"A";"_T";"_T";"_T";"CYP";"M";"2020";"9.29839999999999"
"SP_POP_CHGE";"A";"_T";"_T";"_T";"DJI";"M";"1995";"11.7776"
"SP_POP_CHGE";"A";"_T";"_T";"_T";"DJI";"M";"2000";"10.7396"
"SP_POP_CHGE";"A";"_T";"_T";"_T";"DJI";"M";"2005";"11.4902"
"SP_POP_CHGE";"A";"_T";"_T";"_T";"DJI";"M";"2010";"13.1244"
"SP_POP_CHGE";"A";"_T";"_T";"_T";"DJI";"M";"2015";"12.9802"
"SP_POP_CHGE";"A";"_T";"_T";"_T";"DJI";"M";"2020";"11.7822"
"SP_POP_CHGE";"A";"_T";"_T";"_T";"ERI";"M";"1995";"106.3072"
"SP_POP_CHGE";"A";"_T";"_T";"_T";"ERI";"M";"2000";"182.9436"
"SP_POP_CHGE";"A";"_T";"_T";"_T";"ERI";"M";"2005";"177.4186"
"SP_POP_CHGE";"A";"_T";"_T";"_T";"ERI";"M";"2010";"199.295"
"SP_POP_CHGE";"A";"_T";"_T";"_T";"ERI";"M";"2015";"197.8912"
"SP_POP_CHGE";"A";"_T";"_T";"_T";"ERI";"M";"2020";"201.993"
"SP_POP_CHGE";"A";"_T";"_T";"_T";"ETH";"M";"1995";"1800.136"
"SP_POP_CHGE";"A";"_T";"_T";"_T";"ETH";"M";"2000";"2028.6082"
"SP_POP_CHGE";"A";"_T";"_T";"_T";"ETH";"M";"2005";"2185.6082"
"SP_POP_CHGE";"A";"_T";"_T";"_T";"ETH";"M";"2010";"2369.3642"
"SP_POP_CHGE";"A";"_T";"_T";"_T";"ETH";"M";"2015";"2515.8552"
"SP_POP_CHGE";"A";"_T";"_T";"_T";"ETH";"M";"2020";"2603.121"
"SP_POP_CHGE";"A";"_T";"_T";"_T";"GEO";"M";"1995";"-64.7103999999999"
"SP_POP_CHGE";"A";"_T";"_T";"_T";"GEO";"M";"2000";"-53.657"
"SP_POP_CHGE";"A";"_T";"_T";"_T";"GEO";"M";"2005";"-17.3264000000001"
"SP_POP_CHGE";"A";"_T";"_T";"_T";"GEO";"M";"2010";"-16.8268"
"SP_POP_CHGE";"A";"_T";"_T";"_T";"GEO";"M";"2015";"-20.5412"
"SP_POP_CHGE";"A";"_T";"_T";"_T";"GEO";"M";"2020";"-24.4132"
"SP_POP_CHGE";"A";"_T";"_T";"_T";"GRC";"M";"1995";"63.0147999999997"
"SP_POP_CHGE";"A";"_T";"_T";"_T";"GRC";"M";"2000";"10.9518"
"SP_POP_CHGE";"A";"_T";"_T";"_T";"GRC";"M";"2005";"13.6714"
"SP_POP_CHGE";"A";"_T";"_T";"_T";"GRC";"M";"2010";"3.16680000000015"
"SP_POP_CHGE";"A";"_T";"_T";"_T";"GRC";"M";"2015";"-9.39180000000015"
"SP_POP_CHGE";"A";"_T";"_T";"_T";"GRC";"M";"2020";"-8.74340000000011"
"SP_POP_CHGE";"A";"_T";"_T";"_T";"IND";"M";"1995";"17291.4806"
"SP_POP_CHGE";"A";"_T";"_T";"_T";"IND";"M";"2000";"16976.358"
"SP_POP_CHGE";"A";"_T";"_T";"_T";"IND";"M";"2005";"15696.22"
"SP_POP_CHGE";"A";"_T";"_T";"_T";"IND";"M";"2010";"15353.131"
"SP_POP_CHGE";"A";"_T";"_T";"_T";"IND";"M";"2015";"14182.995"
"SP_POP_CHGE";"A";"_T";"_T";"_T";"IND";"M";"2020";"13087.783"
"SP_POP_CHGE";"A";"_T";"_T";"_T";"IRN";"M";"1995";"1088.54"
"SP_POP_CHGE";"A";"_T";"_T";"_T";"IRN";"M";"2000";"848.266399999999"
"SP_POP_CHGE";"A";"_T";"_T";"_T";"IRN";"M";"2005";"861.986000000004"
"SP_POP_CHGE";"A";"_T";"_T";"_T";"IRN";"M";"2010";"1002.7988"
"SP_POP_CHGE";"A";"_T";"_T";"_T";"IRN";"M";"2015";"934.459800000003"
"SP_POP_CHGE";"A";"_T";"_T";"_T";"IRN";"M";"2020";"783.149799999999"
"SP_POP_CHGE";"A";"_T";"_T";"_T";"IRQ";"M";"1995";"687.6036"
"SP_POP_CHGE";"A";"_T";"_T";"_T";"IRQ";"M";"2000";"715.1778"
"SP_POP_CHGE";"A";"_T";"_T";"_T";"IRQ";"M";"2005";"717.067"
"SP_POP_CHGE";"A";"_T";"_T";"_T";"IRQ";"M";"2010";"960.864400000002"
"SP_POP_CHGE";"A";"_T";"_T";"_T";"IRQ";"M";"2015";"986.524399999999"
"SP_POP_CHGE";"A";"_T";"_T";"_T";"IRQ";"M";"2020";"1038.497"
"SP_POP_CHGE";"A";"_T";"_T";"_T";"ISR";"M";"1995";"136.4178"
"SP_POP_CHGE";"A";"_T";"_T";"_T";"ISR";"M";"2000";"117.9932"
"SP_POP_CHGE";"A";"_T";"_T";"_T";"ISR";"M";"2005";"163.3382"
"SP_POP_CHGE";"A";"_T";"_T";"_T";"ISR";"M";"2010";"99.832"
"SP_POP_CHGE";"A";"_T";"_T";"_T";"ISR";"M";"2015";"117.539"
"SP_POP_CHGE";"A";"_T";"_T";"_T";"ISR";"M";"2020";"112.764"
"SP_POP_CHGE";"A";"_T";"_T";"_T";"ITA";"M";"1995";"3.80280000000057"
"SP_POP_CHGE";"A";"_T";"_T";"_T";"ITA";"M";"2000";"337.153999999999"
"SP_POP_CHGE";"A";"_T";"_T";"_T";"ITA";"M";"2005";"367.424600000001"
"SP_POP_CHGE";"A";"_T";"_T";"_T";"ITA";"M";"2010";"126.648599999999"
"SP_POP_CHGE";"A";"_T";"_T";"_T";"ITA";"M";"2015";"48.7580000000002"
"SP_POP_CHGE";"A";"_T";"_T";"_T";"ITA";"M";"2020";"-10.2546000000002"
"SP_POP_CHGE";"A";"_T";"_T";"_T";"JOR";"M";"1995";"89.4636000000002"
"SP_POP_CHGE";"A";"_T";"_T";"_T";"JOR";"M";"2000";"94.3881999999998"
"SP_POP_CHGE";"A";"_T";"_T";"_T";"JOR";"M";"2005";"243.0274"
"SP_POP_CHGE";"A";"_T";"_T";"_T";"JOR";"M";"2010";"247.0412"
"SP_POP_CHGE";"A";"_T";"_T";"_T";"JOR";"M";"2015";"79.3957999999999"
"SP_POP_CHGE";"A";"_T";"_T";"_T";"JOR";"M";"2020";"130.9642"
"SP_POP_CHGE";"A";"_T";"_T";"_T";"KAZ";"M";"1995";"-194.7976"
"SP_POP_CHGE";"A";"_T";"_T";"_T";"KAZ";"M";"2000";"97.6887999999999"
"SP_POP_CHGE";"A";"_T";"_T";"_T";"KAZ";"M";"2005";"171.4078"
"SP_POP_CHGE";"A";"_T";"_T";"_T";"KAZ";"M";"2010";"169.864"
"SP_POP_CHGE";"A";"_T";"_T";"_T";"KAZ";"M";"2015";"149.8048"
"SP_POP_CHGE";"A";"_T";"_T";"_T";"KAZ";"M";"2020";"119.2306"
"SP_POP_CHGE";"A";"_T";"_T";"_T";"KGZ";"M";"1995";"72.543"
"SP_POP_CHGE";"A";"_T";"_T";"_T";"KGZ";"M";"2000";"17.5061999999998"
"SP_POP_CHGE";"A";"_T";"_T";"_T";"KGZ";"M";"2005";"58.3684000000001"
"SP_POP_CHGE";"A";"_T";"_T";"_T";"KGZ";"M";"2010";"74.6612000000001"
"SP_POP_CHGE";"A";"_T";"_T";"_T";"KGZ";"M";"2015";"90.9667999999998"
"SP_POP_CHGE";"A";"_T";"_T";"_T";"KGZ";"M";"2020";"78.8420000000002"
"SP_POP_CHGE";"A";"_T";"_T";"_T";"KWT";"M";"1995";"64.0216"
"SP_POP_CHGE";"A";"_T";"_T";"_T";"KWT";"M";"2000";"78.0166"
"SP_POP_CHGE";"A";"_T";"_T";"_T";"KWT";"M";"2005";"139.0532"
"SP_POP_CHGE";"A";"_T";"_T";"_T";"KWT";"M";"2010";"118.3638"
"SP_POP_CHGE";"A";"_T";"_T";"_T";"KWT";"M";"2015";"86.2859999999999"
"SP_POP_CHGE";"A";"_T";"_T";"_T";"KWT";"M";"2020";"83.4574000000001"
"SP_POP_CHGE";"A";"_T";"_T";"_T";"LBN";"M";"1995";"40.3948"
"SP_POP_CHGE";"A";"_T";"_T";"_T";"LBN";"M";"2000";"150.297"
"SP_POP_CHGE";"A";"_T";"_T";"_T";"LBN";"M";"2005";"70.8454000000002"
"SP_POP_CHGE";"A";"_T";"_T";"_T";"LBN";"M";"2010";"142.5064"
"SP_POP_CHGE";"A";"_T";"_T";"_T";"LBN";"M";"2015";"-35.2811999999998"
"SP_POP_CHGE";"A";"_T";"_T";"_T";"LBN";"M";"2020";"33.2107999999998"
"SP_POP_CHGE";"A";"_T";"_T";"_T";"LBY";"M";"1995";"85.7131999999998"
"SP_POP_CHGE";"A";"_T";"_T";"_T";"LBY";"M";"2000";"83.6530000000001"
"SP_POP_CHGE";"A";"_T";"_T";"_T";"LBY";"M";"2005";"89.2324000000001"
"SP_POP_CHGE";"A";"_T";"_T";"_T";"LBY";"M";"2010";"55.2936"
"SP_POP_CHGE";"A";"_T";"_T";"_T";"LBY";"M";"2015";"90.0245999999999"
"SP_POP_CHGE";"A";"_T";"_T";"_T";"LBY";"M";"2020";"75.6566000000003"
"SP_POP_CHGE";"A";"_T";"_T";"_T";"NER";"M";"1995";"364.5474"
"SP_POP_CHGE";"A";"_T";"_T";"_T";"NER";"M";"2000";"438.7966"
"SP_POP_CHGE";"A";"_T";"_T";"_T";"NER";"M";"2005";"541.9896"
"SP_POP_CHGE";"A";"_T";"_T";"_T";"NER";"M";"2010";"674.9268"
"SP_POP_CHGE";"A";"_T";"_T";"_T";"NER";"M";"2015";"830.717"
"SP_POP_CHGE";"A";"_T";"_T";"_T";"NER";"M";"2020";"1011.102"
"SP_POP_CHGE";"A";"_T";"_T";"_T";"OMN";"M";"1995";"7.58699999999999"
"SP_POP_CHGE";"A";"_T";"_T";"_T";"OMN";"M";"2000";"65.958"
"SP_POP_CHGE";"A";"_T";"_T";"_T";"OMN";"M";"2005";"56.0886"
"SP_POP_CHGE";"A";"_T";"_T";"_T";"OMN";"M";"2010";"271.003"
"SP_POP_CHGE";"A";"_T";"_T";"_T";"OMN";"M";"2015";"71.2139999999999"
"SP_POP_CHGE";"A";"_T";"_T";"_T";"OMN";"M";"2020";"51.2866"
"SP_POP_CHGE";"A";"_T";"_T";"_T";"PAK";"M";"1995";"3428.4874"
"SP_POP_CHGE";"A";"_T";"_T";"_T";"PAK";"M";"2000";"2827.88019999999"
"SP_POP_CHGE";"A";"_T";"_T";"_T";"PAK";"M";"2005";"3035.5782"
"SP_POP_CHGE";"A";"_T";"_T";"_T";"PAK";"M";"2010";"2998.94680000001"
"SP_POP_CHGE";"A";"_T";"_T";"_T";"PAK";"M";"2015";"3041.4324"
"SP_POP_CHGE";"A";"_T";"_T";"_T";"PAK";"M";"2020";"2954.5188"
"SP_POP_CHGE";"A";"_T";"_T";"_T";"PSE";"M";"1995";"121.2358"
"SP_POP_CHGE";"A";"_T";"_T";"_T";"PSE";"M";"2000";"71.0567999999999"
"SP_POP_CHGE";"A";"_T";"_T";"_T";"PSE";"M";"2005";"90.6048000000001"
"SP_POP_CHGE";"A";"_T";"_T";"_T";"PSE";"M";"2010";"107.187"
"SP_POP_CHGE";"A";"_T";"_T";"_T";"PSE";"M";"2015";"118.2204"
"SP_POP_CHGE";"A";"_T";"_T";"_T";"PSE";"M";"2020";"125.7436"
"SP_POP_CHGE";"A";"_T";"_T";"_T";"QAT";"M";"1995";"18.5078"
"SP_POP_CHGE";"A";"_T";"_T";"_T";"QAT";"M";"2000";"45.4932"
"SP_POP_CHGE";"A";"_T";"_T";"_T";"QAT";"M";"2005";"185.7108"
"SP_POP_CHGE";"A";"_T";"_T";"_T";"QAT";"M";"2010";"120.1672"
"SP_POP_CHGE";"A";"_T";"_T";"_T";"QAT";"M";"2015";"38.445"
"SP_POP_CHGE";"A";"_T";"_T";"_T";"QAT";"M";"2020";"23.8752"
"SP_POP_CHGE";"A";"_T";"_T";"_T";"RUS";"M";"1995";"-367.853200000001"
"SP_POP_CHGE";"A";"_T";"_T";"_T";"RUS";"M";"2000";"-565.982999999996"
"SP_POP_CHGE";"A";"_T";"_T";"_T";"RUS";"M";"2005";"-63.0106000000029"
"SP_POP_CHGE";"A";"_T";"_T";"_T";"RUS";"M";"2010";"-303.954399999999"
"SP_POP_CHGE";"A";"_T";"_T";"_T";"RUS";"M";"2015";"-417.466399999999"
"SP_POP_CHGE";"A";"_T";"_T";"_T";"RUS";"M";"2020";"-608.689799999999"
"SP_POP_CHGE";"A";"_T";"_T";"_T";"SAU";"M";"1995";"315.4482"
"SP_POP_CHGE";"A";"_T";"_T";"_T";"SAU";"M";"2000";"909.0966"
"SP_POP_CHGE";"A";"_T";"_T";"_T";"SAU";"M";"2005";"513.664000000001"
"SP_POP_CHGE";"A";"_T";"_T";"_T";"SAU";"M";"2010";"527.870799999999"
"SP_POP_CHGE";"A";"_T";"_T";"_T";"SAU";"M";"2015";"488.639400000001"
"SP_POP_CHGE";"A";"_T";"_T";"_T";"SAU";"M";"2020";"373.180399999999"
"SP_POP_CHGE";"A";"_T";"_T";"_T";"SDN";"M";"1995";"640.0152"
"SP_POP_CHGE";"A";"_T";"_T";"_T";"SDN";"M";"2000";"771.214599999999"
"SP_POP_CHGE";"A";"_T";"_T";"_T";"SDN";"M";"2005";"813.2262"
"SP_POP_CHGE";"A";"_T";"_T";"_T";"SDN";"M";"2010";"792.243000000001"
"SP_POP_CHGE";"A";"_T";"_T";"_T";"SDN";"M";"2015";"977.237"
"SP_POP_CHGE";"A";"_T";"_T";"_T";"SDN";"M";"2020";"1035.3218"
"SP_POP_CHGE";"A";"_T";"_T";"_T";"SSD";"M";"1995";"243.7436"
"SP_POP_CHGE";"A";"_T";"_T";"_T";"SSD";"M";"2000";"277.2734"
"SP_POP_CHGE";"A";"_T";"_T";"_T";"SSD";"M";"2005";"380.3156"
"SP_POP_CHGE";"A";"_T";"_T";"_T";"SSD";"M";"2010";"442.2784"
"SP_POP_CHGE";"A";"_T";"_T";"_T";"SSD";"M";"2015";"340.2206"
"SP_POP_CHGE";"A";"_T";"_T";"_T";"SSD";"M";"2020";"343.4596"
"SP_POP_CHGE";"A";"_T";"_T";"_T";"SYR";"M";"1995";"406.5936"
"SP_POP_CHGE";"A";"_T";"_T";"_T";"SYR";"M";"2000";"359.2318"
"SP_POP_CHGE";"A";"_T";"_T";"_T";"SYR";"M";"2005";"673.056"
"SP_POP_CHGE";"A";"_T";"_T";"_T";"SYR";"M";"2010";"146.4698"
"SP_POP_CHGE";"A";"_T";"_T";"_T";"SYR";"M";"2015";"694.127"
"SP_POP_CHGE";"A";"_T";"_T";"_T";"SYR";"M";"2020";"425.8698"
"SP_POP_CHGE";"A";"_T";"_T";"_T";"TCD";"M";"1995";"264.16"
"SP_POP_CHGE";"A";"_T";"_T";"_T";"TCD";"M";"2000";"342.6524"
"SP_POP_CHGE";"A";"_T";"_T";"_T";"TCD";"M";"2005";"341.2736"
"SP_POP_CHGE";"A";"_T";"_T";"_T";"TCD";"M";"2010";"376.9688"
"SP_POP_CHGE";"A";"_T";"_T";"_T";"TCD";"M";"2015";"425.564"
"SP_POP_CHGE";"A";"_T";"_T";"_T";"TCD";"M";"2020";"490.3098"
"SP_POP_CHGE";"A";"_T";"_T";"_T";"TJK";"M";"1995";"80.3644"
"SP_POP_CHGE";"A";"_T";"_T";"_T";"TJK";"M";"2000";"123.9006"
"SP_POP_CHGE";"A";"_T";"_T";"_T";"TJK";"M";"2005";"164.3342"
"SP_POP_CHGE";"A";"_T";"_T";"_T";"TJK";"M";"2010";"196.6116"
"SP_POP_CHGE";"A";"_T";"_T";"_T";"TJK";"M";"2015";"198.3056"
"SP_POP_CHGE";"A";"_T";"_T";"_T";"TJK";"M";"2020";"187.3392"
"SP_POP_CHGE";"A";"_T";"_T";"_T";"ARE";"M";"1995";"136.0094"
"SP_POP_CHGE";"A";"_T";"_T";"_T";"ARE";"M";"2000";"224.5062"
"SP_POP_CHGE";"A";"_T";"_T";"_T";"ARE";"M";"2005";"858.5308"
"SP_POP_CHGE";"A";"_T";"_T";"_T";"ARE";"M";"2010";"227.1182"
"SP_POP_CHGE";"A";"_T";"_T";"_T";"ARE";"M";"2015";"204.886"
"SP_POP_CHGE";"A";"_T";"_T";"_T";"ARE";"M";"2020";"175.5084"
"SP_POP_CHGE";"A";"_T";"_T";"_T";"EGY";"M";"1995";"993.6386"
"SP_POP_CHGE";"A";"_T";"_T";"_T";"EGY";"M";"2000";"1128.2176"
"SP_POP_CHGE";"A";"_T";"_T";"_T";"EGY";"M";"2005";"1259.6054"
"SP_POP_CHGE";"A";"_T";"_T";"_T";"EGY";"M";"2010";"1325.9952"
"SP_POP_CHGE";"A";"_T";"_T";"_T";"EGY";"M";"2015";"1271.1912"
"SP_POP_CHGE";"A";"_T";"_T";"_T";"EGY";"M";"2020";"1185.4696"
"SP_POP_CHGE";"A";"_T";"_T";"_T";"TKM";"M";"1995";"62.6817999999999"
"SP_POP_CHGE";"A";"_T";"_T";"_T";"TKM";"M";"2000";"49.284"
"SP_POP_CHGE";"A";"_T";"_T";"_T";"TKM";"M";"2005";"58.8312"
"SP_POP_CHGE";"A";"_T";"_T";"_T";"TKM";"M";"2010";"66.2984"
"SP_POP_CHGE";"A";"_T";"_T";"_T";"TKM";"M";"2015";"62.3704"
"SP_POP_CHGE";"A";"_T";"_T";"_T";"TKM";"M";"2020";"53.1941999999999"
"SP_POP_CHGE";"A";"_T";"_T";"_T";"TUR";"M";"1995";"930.4326"
"SP_POP_CHGE";"A";"_T";"_T";"_T";"TUR";"M";"2000";"913.713799999999"
"SP_POP_CHGE";"A";"_T";"_T";"_T";"TUR";"M";"2005";"878.898800000001"
"SP_POP_CHGE";"A";"_T";"_T";"_T";"TUR";"M";"2010";"910.592599999998"
"SP_POP_CHGE";"A";"_T";"_T";"_T";"TUR";"M";"2015";"723.786600000001"
"SP_POP_CHGE";"A";"_T";"_T";"_T";"TUR";"M";"2020";"680.685000000001"
"SP_POP_CHGE";"A";"_T";"_T";"_T";"UZB";"M";"1995";"375.532799999999"
"SP_POP_CHGE";"A";"_T";"_T";"_T";"UZB";"M";"2000";"243.1678"
"SP_POP_CHGE";"A";"_T";"_T";"_T";"UZB";"M";"2005";"344.9738"
"SP_POP_CHGE";"A";"_T";"_T";"_T";"UZB";"M";"2010";"388.1324"
"SP_POP_CHGE";"A";"_T";"_T";"_T";"UZB";"M";"2015";"357.053599999999"
"SP_POP_CHGE";"A";"_T";"_T";"_T";"UZB";"M";"2020";"299.215400000001"
"SP_POP_CHGE";"A";"_T";"_T";"_T";"YEM";"M";"1995";"500.8672"
"SP_POP_CHGE";"A";"_T";"_T";"_T";"YEM";"M";"2000";"523.4248"
"SP_POP_CHGE";"A";"_T";"_T";"_T";"YEM";"M";"2005";"524.6694"
"SP_POP_CHGE";"A";"_T";"_T";"_T";"YEM";"M";"2010";"554.4156"
"SP_POP_CHGE";"A";"_T";"_T";"_T";"YEM";"M";"2015";"577.652"
"SP_POP_CHGE";"A";"_T";"_T";"_T";"YEM";"M";"2020";"571.2296"
"SP_POP_CHGE";"A";"_T";"_T";"_T";"BHR";"M";"1995";"20.9018"
"SP_POP_CHGE";"A";"_T";"_T";"_T";"BHR";"M";"2000";"42.259"
"SP_POP_CHGE";"A";"_T";"_T";"_T";"BHR";"M";"2005";"74.3958"
"SP_POP_CHGE";"A";"_T";"_T";"_T";"BHR";"M";"2010";"21.6426"
"SP_POP_CHGE";"A";"_T";"_T";"_T";"BHR";"M";"2015";"24.0773999999999"
"SP_POP_CHGE";"A";"_T";"_T";"_T";"BHR";"M";"2020";"18.122"
"SP_POP_TOTL";"A";"_T";"_T";"_T";"AFG";"M";"1995";"17586.073"
"SP_POP_TOTL";"A";"_T";"_T";"_T";"AFG";"M";"2000";"20595.36"
"SP_POP_TOTL";"A";"_T";"_T";"_T";"AFG";"M";"2005";"24860.855"
"SP_POP_TOTL";"A";"_T";"_T";"_T";"AFG";"M";"2010";"28397.812"
"SP_POP_TOTL";"A";"_T";"_T";"_T";"AFG";"M";"2015";"32006.788"
"SP_POP_TOTL";"A";"_T";"_T";"_T";"AFG";"M";"2020";"35666.904"
"SP_POP_TOTL";"A";"_T";"_T";"_T";"AZE";"M";"1995";"7770.806"
"SP_POP_TOTL";"A";"_T";"_T";"_T";"AZE";"M";"2000";"8117.742"
"SP_POP_TOTL";"A";"_T";"_T";"_T";"AZE";"M";"2005";"8563.398"
"SP_POP_TOTL";"A";"_T";"_T";"_T";"AZE";"M";"2010";"9094.718"
"SP_POP_TOTL";"A";"_T";"_T";"_T";"AZE";"M";"2015";"9612.58"
"SP_POP_TOTL";"A";"_T";"_T";"_T";"AZE";"M";"2020";"10029.808"
"SP_POP_TOTL";"A";"_T";"_T";"_T";"CYP";"M";"1995";"855.389"
"SP_POP_TOTL";"A";"_T";"_T";"_T";"CYP";"M";"2000";"943.287"
"SP_POP_TOTL";"A";"_T";"_T";"_T";"CYP";"M";"2005";"1032.586"
"SP_POP_TOTL";"A";"_T";"_T";"_T";"CYP";"M";"2010";"1103.685"
"SP_POP_TOTL";"A";"_T";"_T";"_T";"CYP";"M";"2015";"1164.695"
"SP_POP_TOTL";"A";"_T";"_T";"_T";"CYP";"M";"2020";"1219.174"
"SP_POP_TOTL";"A";"_T";"_T";"_T";"DJI";"M";"1995";"663.999"
"SP_POP_TOTL";"A";"_T";"_T";"_T";"DJI";"M";"2000";"722.887"
"SP_POP_TOTL";"A";"_T";"_T";"_T";"DJI";"M";"2005";"776.585"
"SP_POP_TOTL";"A";"_T";"_T";"_T";"DJI";"M";"2010";"834.036"
"SP_POP_TOTL";"A";"_T";"_T";"_T";"DJI";"M";"2015";"899.658"
"SP_POP_TOTL";"A";"_T";"_T";"_T";"DJI";"M";"2020";"964.559"
"SP_POP_TOTL";"A";"_T";"_T";"_T";"ERI";"M";"1995";"3407.812"
"SP_POP_TOTL";"A";"_T";"_T";"_T";"ERI";"M";"2000";"3939.348"
"SP_POP_TOTL";"A";"_T";"_T";"_T";"ERI";"M";"2005";"4854.066"
"SP_POP_TOTL";"A";"_T";"_T";"_T";"ERI";"M";"2010";"5741.159"
"SP_POP_TOTL";"A";"_T";"_T";"_T";"ERI";"M";"2015";"6737.634"
"SP_POP_TOTL";"A";"_T";"_T";"_T";"ERI";"M";"2020";"7727.09"
"SP_POP_TOTL";"A";"_T";"_T";"_T";"ETH";"M";"1995";"57023.519"
"SP_POP_TOTL";"A";"_T";"_T";"_T";"ETH";"M";"2000";"66024.199"
"SP_POP_TOTL";"A";"_T";"_T";"_T";"ETH";"M";"2005";"76167.24"
"SP_POP_TOTL";"A";"_T";"_T";"_T";"ETH";"M";"2010";"87095.281"
"SP_POP_TOTL";"A";"_T";"_T";"_T";"ETH";"M";"2015";"98942.102"
"SP_POP_TOTL";"A";"_T";"_T";"_T";"ETH";"M";"2020";"111521.378"
"SP_POP_TOTL";"A";"_T";"_T";"_T";"GEO";"M";"1995";"5067.143"
"SP_POP_TOTL";"A";"_T";"_T";"_T";"GEO";"M";"2000";"4743.591"
"SP_POP_TOTL";"A";"_T";"_T";"_T";"GEO";"M";"2005";"4475.306"
"SP_POP_TOTL";"A";"_T";"_T";"_T";"GEO";"M";"2010";"4388.674"
"SP_POP_TOTL";"A";"_T";"_T";"_T";"GEO";"M";"2015";"4304.54"
"SP_POP_TOTL";"A";"_T";"_T";"_T";"GEO";"M";"2020";"4201.834"
"SP_POP_TOTL";"A";"_T";"_T";"_T";"GRC";"M";"1995";"10671.809"
"SP_POP_TOTL";"A";"_T";"_T";"_T";"GRC";"M";"2000";"10986.883"
"SP_POP_TOTL";"A";"_T";"_T";"_T";"GRC";"M";"2005";"11041.642"
"SP_POP_TOTL";"A";"_T";"_T";"_T";"GRC";"M";"2010";"11109.999"
"SP_POP_TOTL";"A";"_T";"_T";"_T";"GRC";"M";"2015";"11125.833"
"SP_POP_TOTL";"A";"_T";"_T";"_T";"GRC";"M";"2020";"11078.874"
"SP_POP_TOTL";"A";"_T";"_T";"_T";"IND";"M";"1995";"955804.355"
"SP_POP_TOTL";"A";"_T";"_T";"_T";"IND";"M";"2000";"1042261.758"
"SP_POP_TOTL";"A";"_T";"_T";"_T";"IND";"M";"2005";"1127143.548"
"SP_POP_TOTL";"A";"_T";"_T";"_T";"IND";"M";"2010";"1205624.648"
"SP_POP_TOTL";"A";"_T";"_T";"_T";"IND";"M";"2015";"1282390.303"
"SP_POP_TOTL";"A";"_T";"_T";"_T";"IND";"M";"2020";"1353305.278"
"SP_POP_TOTL";"A";"_T";"_T";"_T";"IRN";"M";"1995";"60468.352"
"SP_POP_TOTL";"A";"_T";"_T";"_T";"IRN";"M";"2000";"65911.052"
"SP_POP_TOTL";"A";"_T";"_T";"_T";"IRN";"M";"2005";"70152.384"
"SP_POP_TOTL";"A";"_T";"_T";"_T";"IRN";"M";"2010";"74462.314"
"SP_POP_TOTL";"A";"_T";"_T";"_T";"IRN";"M";"2015";"79476.308"
"SP_POP_TOTL";"A";"_T";"_T";"_T";"IRN";"M";"2020";"84148.607"
"SP_POP_TOTL";"A";"_T";"_T";"_T";"IRQ";"M";"1995";"20363.138"
"SP_POP_TOTL";"A";"_T";"_T";"_T";"IRQ";"M";"2000";"23801.156"
"SP_POP_TOTL";"A";"_T";"_T";"_T";"IRQ";"M";"2005";"27377.045"
"SP_POP_TOTL";"A";"_T";"_T";"_T";"IRQ";"M";"2010";"30962.38"
"SP_POP_TOTL";"A";"_T";"_T";"_T";"IRQ";"M";"2015";"35766.702"
"SP_POP_TOTL";"A";"_T";"_T";"_T";"IRQ";"M";"2020";"40699.324"
"SP_POP_TOTL";"A";"_T";"_T";"_T";"ISR";"M";"1995";"5331.622"
"SP_POP_TOTL";"A";"_T";"_T";"_T";"ISR";"M";"2000";"6013.711"
"SP_POP_TOTL";"A";"_T";"_T";"_T";"ISR";"M";"2005";"6603.677"
"SP_POP_TOTL";"A";"_T";"_T";"_T";"ISR";"M";"2010";"7420.368"
"SP_POP_TOTL";"A";"_T";"_T";"_T";"ISR";"M";"2015";"7919.528"
"SP_POP_TOTL";"A";"_T";"_T";"_T";"ISR";"M";"2020";"8507.223"
"SP_POP_TOTL";"A";"_T";"_T";"_T";"ITA";"M";"1995";"56967.071"
"SP_POP_TOTL";"A";"_T";"_T";"_T";"ITA";"M";"2000";"56986.085"
"SP_POP_TOTL";"A";"_T";"_T";"_T";"ITA";"M";"2005";"58671.855"
"SP_POP_TOTL";"A";"_T";"_T";"_T";"ITA";"M";"2010";"60508.978"
"SP_POP_TOTL";"A";"_T";"_T";"_T";"ITA";"M";"2015";"61142.221"
"SP_POP_TOTL";"A";"_T";"_T";"_T";"ITA";"M";"2020";"61386.011"
"SP_POP_TOTL";"A";"_T";"_T";"_T";"JOR";"M";"1995";"4320.158"
"SP_POP_TOTL";"A";"_T";"_T";"_T";"JOR";"M";"2000";"4767.476"
"SP_POP_TOTL";"A";"_T";"_T";"_T";"JOR";"M";"2005";"5239.417"
"SP_POP_TOTL";"A";"_T";"_T";"_T";"JOR";"M";"2010";"6454.554"
"SP_POP_TOTL";"A";"_T";"_T";"_T";"JOR";"M";"2015";"7689.76"
"SP_POP_TOTL";"A";"_T";"_T";"_T";"JOR";"M";"2020";"8086.739"
"SP_POP_TOTL";"A";"_T";"_T";"_T";"KAZ";"M";"1995";"15549.632"
"SP_POP_TOTL";"A";"_T";"_T";"_T";"KAZ";"M";"2000";"14575.644"
"SP_POP_TOTL";"A";"_T";"_T";"_T";"KAZ";"M";"2005";"15064.088"
"SP_POP_TOTL";"A";"_T";"_T";"_T";"KAZ";"M";"2010";"15921.127"
"SP_POP_TOTL";"A";"_T";"_T";"_T";"KAZ";"M";"2015";"16770.447"
"SP_POP_TOTL";"A";"_T";"_T";"_T";"KAZ";"M";"2020";"17519.471"
"SP_POP_TOTL";"A";"_T";"_T";"_T";"KGZ";"M";"1995";"4592.135"
"SP_POP_TOTL";"A";"_T";"_T";"_T";"KGZ";"M";"2000";"4954.85"
"SP_POP_TOTL";"A";"_T";"_T";"_T";"KGZ";"M";"2005";"5042.381"
"SP_POP_TOTL";"A";"_T";"_T";"_T";"KGZ";"M";"2010";"5334.223"
"SP_POP_TOTL";"A";"_T";"_T";"_T";"KGZ";"M";"2015";"5707.529"
"SP_POP_TOTL";"A";"_T";"_T";"_T";"KGZ";"M";"2020";"6162.363"
"SP_POP_TOTL";"A";"_T";"_T";"_T";"KWT";"M";"1995";"1586.123"
"SP_POP_TOTL";"A";"_T";"_T";"_T";"KWT";"M";"2000";"1906.231"
"SP_POP_TOTL";"A";"_T";"_T";"_T";"KWT";"M";"2005";"2296.314"
"SP_POP_TOTL";"A";"_T";"_T";"_T";"KWT";"M";"2010";"2991.58"
"SP_POP_TOTL";"A";"_T";"_T";"_T";"KWT";"M";"2015";"3583.399"
"SP_POP_TOTL";"A";"_T";"_T";"_T";"KWT";"M";"2020";"4014.829"
"SP_POP_TOTL";"A";"_T";"_T";"_T";"LBN";"M";"1995";"3033.406"
"SP_POP_TOTL";"A";"_T";"_T";"_T";"LBN";"M";"2000";"3235.38"
"SP_POP_TOTL";"A";"_T";"_T";"_T";"LBN";"M";"2005";"3986.865"
"SP_POP_TOTL";"A";"_T";"_T";"_T";"LBN";"M";"2010";"4341.092"
"SP_POP_TOTL";"A";"_T";"_T";"_T";"LBN";"M";"2015";"5053.624"
"SP_POP_TOTL";"A";"_T";"_T";"_T";"LBN";"M";"2020";"4877.218"
"SP_POP_TOTL";"A";"_T";"_T";"_T";"LBY";"M";"1995";"4747.619"
"SP_POP_TOTL";"A";"_T";"_T";"_T";"LBY";"M";"2000";"5176.185"
"SP_POP_TOTL";"A";"_T";"_T";"_T";"LBY";"M";"2005";"5594.45"
"SP_POP_TOTL";"A";"_T";"_T";"_T";"LBY";"M";"2010";"6040.612"
"SP_POP_TOTL";"A";"_T";"_T";"_T";"LBY";"M";"2015";"6317.08"
"SP_POP_TOTL";"A";"_T";"_T";"_T";"LBY";"M";"2020";"6767.203"
"SP_POP_TOTL";"A";"_T";"_T";"_T";"NER";"M";"1995";"9167.078"
"SP_POP_TOTL";"A";"_T";"_T";"_T";"NER";"M";"2000";"10989.815"
"SP_POP_TOTL";"A";"_T";"_T";"_T";"NER";"M";"2005";"13183.798"
"SP_POP_TOTL";"A";"_T";"_T";"_T";"NER";"M";"2010";"15893.746"
"SP_POP_TOTL";"A";"_T";"_T";"_T";"NER";"M";"2015";"19268.38"
"SP_POP_TOTL";"A";"_T";"_T";"_T";"NER";"M";"2020";"23421.965"
"SP_POP_TOTL";"A";"_T";"_T";"_T";"OMN";"M";"1995";"2154.6"
"SP_POP_TOTL";"A";"_T";"_T";"_T";"OMN";"M";"2000";"2192.535"
"SP_POP_TOTL";"A";"_T";"_T";"_T";"OMN";"M";"2005";"2522.325"
"SP_POP_TOTL";"A";"_T";"_T";"_T";"OMN";"M";"2010";"2802.768"
"SP_POP_TOTL";"A";"_T";"_T";"_T";"OMN";"M";"2015";"4157.783"
"SP_POP_TOTL";"A";"_T";"_T";"_T";"OMN";"M";"2020";"4513.853"
"SP_POP_TOTL";"A";"_T";"_T";"_T";"PAK";"M";"1995";"126689.577"
"SP_POP_TOTL";"A";"_T";"_T";"_T";"PAK";"M";"2000";"143832.014"
"SP_POP_TOTL";"A";"_T";"_T";"_T";"PAK";"M";"2005";"157971.415"
"SP_POP_TOTL";"A";"_T";"_T";"_T";"PAK";"M";"2010";"173149.306"
"SP_POP_TOTL";"A";"_T";"_T";"_T";"PAK";"M";"2015";"188144.04"
"SP_POP_TOTL";"A";"_T";"_T";"_T";"PAK";"M";"2020";"203351.202"
"SP_POP_TOTL";"A";"_T";"_T";"_T";"PSE";"M";"1995";"2598.393"
"SP_POP_TOTL";"A";"_T";"_T";"_T";"PSE";"M";"2000";"3204.572"
"SP_POP_TOTL";"A";"_T";"_T";"_T";"PSE";"M";"2005";"3559.856"
"SP_POP_TOTL";"A";"_T";"_T";"_T";"PSE";"M";"2010";"4012.88"
"SP_POP_TOTL";"A";"_T";"_T";"_T";"PSE";"M";"2015";"4548.815"
"SP_POP_TOTL";"A";"_T";"_T";"_T";"PSE";"M";"2020";"5139.917"
"SP_POP_TOTL";"A";"_T";"_T";"_T";"QAT";"M";"1995";"501.154"
"SP_POP_TOTL";"A";"_T";"_T";"_T";"QAT";"M";"2000";"593.693"
"SP_POP_TOTL";"A";"_T";"_T";"_T";"QAT";"M";"2005";"821.159"
"SP_POP_TOTL";"A";"_T";"_T";"_T";"QAT";"M";"2010";"1749.713"
"SP_POP_TOTL";"A";"_T";"_T";"_T";"QAT";"M";"2015";"2350.549"
"SP_POP_TOTL";"A";"_T";"_T";"_T";"QAT";"M";"2020";"2542.774"
"SP_POP_TOTL";"A";"_T";"_T";"_T";"RUS";"M";"1995";"148602.147"
"SP_POP_TOTL";"A";"_T";"_T";"_T";"RUS";"M";"2000";"146762.881"
"SP_POP_TOTL";"A";"_T";"_T";"_T";"RUS";"M";"2005";"143932.966"
"SP_POP_TOTL";"A";"_T";"_T";"_T";"RUS";"M";"2010";"143617.913"
"SP_POP_TOTL";"A";"_T";"_T";"_T";"RUS";"M";"2015";"142098.141"
"SP_POP_TOTL";"A";"_T";"_T";"_T";"RUS";"M";"2020";"140010.809"
"SP_POP_TOTL";"A";"_T";"_T";"_T";"SAU";"M";"1995";"18567.343"
"SP_POP_TOTL";"A";"_T";"_T";"_T";"SAU";"M";"2000";"20144.584"
"SP_POP_TOTL";"A";"_T";"_T";"_T";"SAU";"M";"2005";"24690.067"
"SP_POP_TOTL";"A";"_T";"_T";"_T";"SAU";"M";"2010";"27258.387"
"SP_POP_TOTL";"A";"_T";"_T";"_T";"SAU";"M";"2015";"29897.741"
"SP_POP_TOTL";"A";"_T";"_T";"_T";"SAU";"M";"2020";"32340.938"
"SP_POP_TOTL";"A";"_T";"_T";"_T";"SDN";"M";"1995";"24529.722"
"SP_POP_TOTL";"A";"_T";"_T";"_T";"SDN";"M";"2000";"27729.798"
"SP_POP_TOTL";"A";"_T";"_T";"_T";"SDN";"M";"2005";"31585.871"
"SP_POP_TOTL";"A";"_T";"_T";"_T";"SDN";"M";"2010";"35652.002"
"SP_POP_TOTL";"A";"_T";"_T";"_T";"SDN";"M";"2015";"39613.217"
"SP_POP_TOTL";"A";"_T";"_T";"_T";"SDN";"M";"2020";"44499.402"
"SP_POP_TOTL";"A";"_T";"_T";"_T";"SSD";"M";"1995";"5434.266"
"SP_POP_TOTL";"A";"_T";"_T";"_T";"SSD";"M";"2000";"6652.984"
"SP_POP_TOTL";"A";"_T";"_T";"_T";"SSD";"M";"2005";"8039.351"
"SP_POP_TOTL";"A";"_T";"_T";"_T";"SSD";"M";"2010";"9940.929"
"SP_POP_TOTL";"A";"_T";"_T";"_T";"SSD";"M";"2015";"12152.321"
"SP_POP_TOTL";"A";"_T";"_T";"_T";"SSD";"M";"2020";"13853.424"
"SP_POP_TOTL";"A";"_T";"_T";"_T";"SYR";"M";"1995";"14338.24"
"SP_POP_TOTL";"A";"_T";"_T";"_T";"SYR";"M";"2000";"16371.208"
"SP_POP_TOTL";"A";"_T";"_T";"_T";"SYR";"M";"2005";"18167.367"
"SP_POP_TOTL";"A";"_T";"_T";"_T";"SYR";"M";"2010";"21532.647"
"SP_POP_TOTL";"A";"_T";"_T";"_T";"SYR";"M";"2015";"22264.996"
"SP_POP_TOTL";"A";"_T";"_T";"_T";"SYR";"M";"2020";"25735.631"
"SP_POP_TOTL";"A";"_T";"_T";"_T";"TCD";"M";"1995";"6980.351"
"SP_POP_TOTL";"A";"_T";"_T";"_T";"TCD";"M";"2000";"8301.151"
"SP_POP_TOTL";"A";"_T";"_T";"_T";"TCD";"M";"2005";"10014.413"
"SP_POP_TOTL";"A";"_T";"_T";"_T";"TCD";"M";"2010";"11720.781"
"SP_POP_TOTL";"A";"_T";"_T";"_T";"TCD";"M";"2015";"13605.625"
"SP_POP_TOTL";"A";"_T";"_T";"_T";"TCD";"M";"2020";"15733.445"
"SP_POP_TOTL";"A";"_T";"_T";"_T";"TJK";"M";"1995";"5784.33"
"SP_POP_TOTL";"A";"_T";"_T";"_T";"TJK";"M";"2000";"6186.152"
"SP_POP_TOTL";"A";"_T";"_T";"_T";"TJK";"M";"2005";"6805.655"
"SP_POP_TOTL";"A";"_T";"_T";"_T";"TJK";"M";"2010";"7627.326"
"SP_POP_TOTL";"A";"_T";"_T";"_T";"TJK";"M";"2015";"8610.384"
"SP_POP_TOTL";"A";"_T";"_T";"_T";"TJK";"M";"2020";"9601.912"
"SP_POP_TOTL";"A";"_T";"_T";"_T";"ARE";"M";"1995";"2346.305"
"SP_POP_TOTL";"A";"_T";"_T";"_T";"ARE";"M";"2000";"3026.352"
"SP_POP_TOTL";"A";"_T";"_T";"_T";"ARE";"M";"2005";"4148.883"
"SP_POP_TOTL";"A";"_T";"_T";"_T";"ARE";"M";"2010";"8441.537"
"SP_POP_TOTL";"A";"_T";"_T";"_T";"ARE";"M";"2015";"9577.128"
"SP_POP_TOTL";"A";"_T";"_T";"_T";"ARE";"M";"2020";"10601.558"
"SP_POP_TOTL";"A";"_T";"_T";"_T";"EGY";"M";"1995";"61168.397"
"SP_POP_TOTL";"A";"_T";"_T";"_T";"EGY";"M";"2000";"66136.59"
"SP_POP_TOTL";"A";"_T";"_T";"_T";"EGY";"M";"2005";"71777.678"
"SP_POP_TOTL";"A";"_T";"_T";"_T";"EGY";"M";"2010";"78075.705"
"SP_POP_TOTL";"A";"_T";"_T";"_T";"EGY";"M";"2015";"84705.681"
"SP_POP_TOTL";"A";"_T";"_T";"_T";"EGY";"M";"2020";"91061.637"
"SP_POP_TOTL";"A";"_T";"_T";"_T";"TKM";"M";"1995";"4188.01"
"SP_POP_TOTL";"A";"_T";"_T";"_T";"TKM";"M";"2000";"4501.419"
"SP_POP_TOTL";"A";"_T";"_T";"_T";"TKM";"M";"2005";"4747.839"
"SP_POP_TOTL";"A";"_T";"_T";"_T";"TKM";"M";"2010";"5041.995"
"SP_POP_TOTL";"A";"_T";"_T";"_T";"TKM";"M";"2015";"5373.487"
"SP_POP_TOTL";"A";"_T";"_T";"_T";"TKM";"M";"2020";"5685.339"
"SP_POP_TOTL";"A";"_T";"_T";"_T";"TUR";"M";"1995";"58522.32"
"SP_POP_TOTL";"A";"_T";"_T";"_T";"TUR";"M";"2000";"63174.483"
"SP_POP_TOTL";"A";"_T";"_T";"_T";"TUR";"M";"2005";"67743.052"
"SP_POP_TOTL";"A";"_T";"_T";"_T";"TUR";"M";"2010";"72137.546"
"SP_POP_TOTL";"A";"_T";"_T";"_T";"TUR";"M";"2015";"76690.509"
"SP_POP_TOTL";"A";"_T";"_T";"_T";"TUR";"M";"2020";"80309.442"
"SP_POP_TOTL";"A";"_T";"_T";"_T";"UZB";"M";"1995";"22950.898"
"SP_POP_TOTL";"A";"_T";"_T";"_T";"UZB";"M";"2000";"24828.562"
"SP_POP_TOTL";"A";"_T";"_T";"_T";"UZB";"M";"2005";"26044.401"
"SP_POP_TOTL";"A";"_T";"_T";"_T";"UZB";"M";"2010";"27769.27"
"SP_POP_TOTL";"A";"_T";"_T";"_T";"UZB";"M";"2015";"29709.932"
"SP_POP_TOTL";"A";"_T";"_T";"_T";"UZB";"M";"2020";"31495.2"
"SP_POP_TOTL";"A";"_T";"_T";"_T";"YEM";"M";"1995";"15018.201"
"SP_POP_TOTL";"A";"_T";"_T";"_T";"YEM";"M";"2000";"17522.537"
"SP_POP_TOTL";"A";"_T";"_T";"_T";"YEM";"M";"2005";"20139.661"
"SP_POP_TOTL";"A";"_T";"_T";"_T";"YEM";"M";"2010";"22763.008"
"SP_POP_TOTL";"A";"_T";"_T";"_T";"YEM";"M";"2015";"25535.086"
"SP_POP_TOTL";"A";"_T";"_T";"_T";"YEM";"M";"2020";"28423.346"
"SP_POP_TOTL";"A";"_T";"_T";"_T";"BHR";"M";"1995";"563.73"
"SP_POP_TOTL";"A";"_T";"_T";"_T";"BHR";"M";"2000";"668.239"
"SP_POP_TOTL";"A";"_T";"_T";"_T";"BHR";"M";"2005";"879.534"
"SP_POP_TOTL";"A";"_T";"_T";"_T";"BHR";"M";"2010";"1251.513"
"SP_POP_TOTL";"A";"_T";"_T";"_T";"BHR";"M";"2015";"1359.726"
"SP_POP_TOTL";"A";"_T";"_T";"_T";"BHR";"M";"2020";"1480.113"
"SH_DYN_IMRT";"A";"Y0";"_T";"_T";"AFG";"M";"1995";"100.851916375739"
"SH_DYN_IMRT";"A";"Y0";"_T";"_T";"AFG";"M";"2000";"90.6669310036291"
"SH_DYN_IMRT";"A";"Y0";"_T";"_T";"AFG";"M";"2005";"78.2756626721034"
"SH_DYN_IMRT";"A";"Y0";"_T";"_T";"AFG";"M";"2010";"67.2558728342765"
"SH_DYN_IMRT";"A";"Y0";"_T";"_T";"AFG";"M";"2015";"59.1167840747521"
"SH_DYN_IMRT";"A";"Y0";"_T";"_T";"AFG";"M";"2020";"52.5803676519405"
"SH_DYN_IMRT";"A";"Y0";"_T";"_T";"ARE";"M";"1995";"12.3813879541238"
"SH_DYN_IMRT";"A";"Y0";"_T";"_T";"ARE";"M";"2000";"9.22111982613516"
"SH_DYN_IMRT";"A";"Y0";"_T";"_T";"ARE";"M";"2005";"6.88023480505273"
"SH_DYN_IMRT";"A";"Y0";"_T";"_T";"ARE";"M";"2010";"5.73511378920621"
"SH_DYN_IMRT";"A";"Y0";"_T";"_T";"ARE";"M";"2015";"4.94572894901546"
"SH_DYN_IMRT";"A";"Y0";"_T";"_T";"ARE";"M";"2020";"4.27026260626284"
"SH_DYN_IMRT";"A";"Y0";"_T";"_T";"AZE";"M";"1995";"61.2768747097148"
"SH_DYN_IMRT";"A";"Y0";"_T";"_T";"AZE";"M";"2000";"52.0077207180203"
"SH_DYN_IMRT";"A";"Y0";"_T";"_T";"AZE";"M";"2005";"41.0617853717082"
"SH_DYN_IMRT";"A";"Y0";"_T";"_T";"AZE";"M";"2010";"39.5891418059484"
"SH_DYN_IMRT";"A";"Y0";"_T";"_T";"AZE";"M";"2015";"35.3782139326754"
"SH_DYN_IMRT";"A";"Y0";"_T";"_T";"AZE";"M";"2020";"31.7372839265209"
"SH_DYN_IMRT";"A";"Y0";"_T";"_T";"CYP";"M";"1995";"7.15764816122788"
"SH_DYN_IMRT";"A";"Y0";"_T";"_T";"CYP";"M";"2000";"5.59006145678187"
"SH_DYN_IMRT";"A";"Y0";"_T";"_T";"CYP";"M";"2005";"4.35286526003242"
"SH_DYN_IMRT";"A";"Y0";"_T";"_T";"CYP";"M";"2010";"3.69250111506103"
"SH_DYN_IMRT";"A";"Y0";"_T";"_T";"CYP";"M";"2015";"3.19814524019379"
"SH_DYN_IMRT";"A";"Y0";"_T";"_T";"CYP";"M";"2020";"2.79360043222132"
"SH_DYN_IMRT";"A";"Y0";"_T";"_T";"DJI";"M";"1995";"71.7846313907563"
"SH_DYN_IMRT";"A";"Y0";"_T";"_T";"DJI";"M";"2000";"68.1323290614859"
"SH_DYN_IMRT";"A";"Y0";"_T";"_T";"DJI";"M";"2005";"63.4479751096569"
"SH_DYN_IMRT";"A";"Y0";"_T";"_T";"DJI";"M";"2010";"55.3129671721354"
"SH_DYN_IMRT";"A";"Y0";"_T";"_T";"DJI";"M";"2015";"48.9006115152032"
"SH_DYN_IMRT";"A";"Y0";"_T";"_T";"DJI";"M";"2020";"43.4675730759778"
"SH_DYN_IMRT";"A";"Y0";"_T";"_T";"EGY";"M";"1995";"36.6791532183761"
"SH_DYN_IMRT";"A";"Y0";"_T";"_T";"EGY";"M";"2000";"29.3449561961481"
"SH_DYN_IMRT";"A";"Y0";"_T";"_T";"EGY";"M";"2005";"23.4569467693122"
"SH_DYN_IMRT";"A";"Y0";"_T";"_T";"EGY";"M";"2010";"18.9174711380223"
"SH_DYN_IMRT";"A";"Y0";"_T";"_T";"EGY";"M";"2015";"15.6463955957215"
"SH_DYN_IMRT";"A";"Y0";"_T";"_T";"EGY";"M";"2020";"13.2751163254365"
"SH_DYN_IMRT";"A";"Y0";"_T";"_T";"ERI";"M";"1995";"73.2684193644209"
"SH_DYN_IMRT";"A";"Y0";"_T";"_T";"ERI";"M";"2000";"61.7894442869544"
"SH_DYN_IMRT";"A";"Y0";"_T";"_T";"ERI";"M";"2005";"53.9133421587976"
"SH_DYN_IMRT";"A";"Y0";"_T";"_T";"ERI";"M";"2010";"41.8254187980147"
"SH_DYN_IMRT";"A";"Y0";"_T";"_T";"ERI";"M";"2015";"31.9733798227515"
"SH_DYN_IMRT";"A";"Y0";"_T";"_T";"ERI";"M";"2020";"24.229469997307"
"SH_DYN_IMRT";"A";"Y0";"_T";"_T";"ETH";"M";"1995";"96.8607796285932"
"SH_DYN_IMRT";"A";"Y0";"_T";"_T";"ETH";"M";"2000";"78.2410230511152"
"SH_DYN_IMRT";"A";"Y0";"_T";"_T";"ETH";"M";"2005";"60.1543619352743"
"SH_DYN_IMRT";"A";"Y0";"_T";"_T";"ETH";"M";"2010";"49.7017569149166"
"SH_DYN_IMRT";"A";"Y0";"_T";"_T";"ETH";"M";"2015";"42.4590901491876"
"SH_DYN_IMRT";"A";"Y0";"_T";"_T";"ETH";"M";"2020";"36.3470691686485"
"SH_DYN_IMRT";"A";"Y0";"_T";"_T";"GEO";"M";"1995";"37.5463379049167"
"SH_DYN_IMRT";"A";"Y0";"_T";"_T";"GEO";"M";"2000";"29.0050086214632"
"SH_DYN_IMRT";"A";"Y0";"_T";"_T";"GEO";"M";"2005";"22.0041953015572"
"SH_DYN_IMRT";"A";"Y0";"_T";"_T";"GEO";"M";"2010";"19.4112341681755"
"SH_DYN_IMRT";"A";"Y0";"_T";"_T";"GEO";"M";"2015";"16.9810140802207"
"SH_DYN_IMRT";"A";"Y0";"_T";"_T";"GEO";"M";"2020";"14.7911856181945"
"SH_DYN_IMRT";"A";"Y0";"_T";"_T";"GRC";"M";"1995";"6.91605576659426"
"SH_DYN_IMRT";"A";"Y0";"_T";"_T";"GRC";"M";"2000";"4.79316305050992"
"SH_DYN_IMRT";"A";"Y0";"_T";"_T";"GRC";"M";"2005";"4.2261352115941"
"SH_DYN_IMRT";"A";"Y0";"_T";"_T";"GRC";"M";"2010";"3.55793843921648"
"SH_DYN_IMRT";"A";"Y0";"_T";"_T";"GRC";"M";"2015";"3.1251548679303"
"SH_DYN_IMRT";"A";"Y0";"_T";"_T";"GRC";"M";"2020";"2.79550657332828"
"SH_DYN_IMRT";"A";"Y0";"_T";"_T";"IND";"M";"1995";"66.9925085003474"
"SH_DYN_IMRT";"A";"Y0";"_T";"_T";"IND";"M";"2000";"58.28174165054"
"SH_DYN_IMRT";"A";"Y0";"_T";"_T";"IND";"M";"2005";"50.5719103947044"
"SH_DYN_IMRT";"A";"Y0";"_T";"_T";"IND";"M";"2010";"43.7738750122532"
"SH_DYN_IMRT";"A";"Y0";"_T";"_T";"IND";"M";"2015";"37.7744347777832"
"SH_DYN_IMRT";"A";"Y0";"_T";"_T";"IND";"M";"2020";"32.9852946366985"
"SH_DYN_IMRT";"A";"Y0";"_T";"_T";"IRN";"M";"1995";"33.6032844204588"
"SH_DYN_IMRT";"A";"Y0";"_T";"_T";"IRN";"M";"2000";"26.4038355633591"
"SH_DYN_IMRT";"A";"Y0";"_T";"_T";"IRN";"M";"2005";"20.7033056317361"
"SH_DYN_IMRT";"A";"Y0";"_T";"_T";"IRN";"M";"2010";"15.7261685311526"
"SH_DYN_IMRT";"A";"Y0";"_T";"_T";"IRN";"M";"2015";"12.1054666805649"
"SH_DYN_IMRT";"A";"Y0";"_T";"_T";"IRN";"M";"2020";"9.35460686848955"
"SH_DYN_IMRT";"A";"Y0";"_T";"_T";"ITA";"M";"1995";"5.64561640648886"
"SH_DYN_IMRT";"A";"Y0";"_T";"_T";"ITA";"M";"2000";"4.2260092846127"
"SH_DYN_IMRT";"A";"Y0";"_T";"_T";"ITA";"M";"2005";"3.44465545953787"
"SH_DYN_IMRT";"A";"Y0";"_T";"_T";"ITA";"M";"2010";"2.78133046893059"
"SH_DYN_IMRT";"A";"Y0";"_T";"_T";"ITA";"M";"2015";"2.29062319324336"
"SH_DYN_IMRT";"A";"Y0";"_T";"_T";"ITA";"M";"2020";"1.91654901917948"
"SH_DYN_IMRT";"A";"Y0";"_T";"_T";"JOR";"M";"1995";"25.5789173403382"
"SH_DYN_IMRT";"A";"Y0";"_T";"_T";"JOR";"M";"2000";"22.3988417566823"
"SH_DYN_IMRT";"A";"Y0";"_T";"_T";"JOR";"M";"2005";"19.6901789522692"
"SH_DYN_IMRT";"A";"Y0";"_T";"_T";"JOR";"M";"2010";"17.0715877525708"
"SH_DYN_IMRT";"A";"Y0";"_T";"_T";"JOR";"M";"2015";"14.7983169286112"
"SH_DYN_IMRT";"A";"Y0";"_T";"_T";"JOR";"M";"2020";"12.8192161426534"
"SH_DYN_IMRT";"A";"Y0";"_T";"_T";"KAZ";"M";"1995";"43.4748696780438"
"SH_DYN_IMRT";"A";"Y0";"_T";"_T";"KAZ";"M";"2000";"32.0565027752739"
"SH_DYN_IMRT";"A";"Y0";"_T";"_T";"KAZ";"M";"2005";"27.007350305665"
"SH_DYN_IMRT";"A";"Y0";"_T";"_T";"KAZ";"M";"2010";"24.6209249791122"
"SH_DYN_IMRT";"A";"Y0";"_T";"_T";"KAZ";"M";"2015";"22.5596868553056"
"SH_DYN_IMRT";"A";"Y0";"_T";"_T";"KAZ";"M";"2020";"20.8458619099324"
"SH_DYN_IMRT";"A";"Y0";"_T";"_T";"KWT";"M";"1995";"10.880474863858"
"SH_DYN_IMRT";"A";"Y0";"_T";"_T";"KWT";"M";"2000";"10.220477343112"
"SH_DYN_IMRT";"A";"Y0";"_T";"_T";"KWT";"M";"2005";"9.65012570591484"
"SH_DYN_IMRT";"A";"Y0";"_T";"_T";"KWT";"M";"2010";"8.63021911902773"
"SH_DYN_IMRT";"A";"Y0";"_T";"_T";"KWT";"M";"2015";"7.70384450772321"
"SH_DYN_IMRT";"A";"Y0";"_T";"_T";"KWT";"M";"2020";"6.88063167154784"
"SH_DYN_IMRT";"A";"Y0";"_T";"_T";"LBY";"M";"1995";"26.2767259324713"
"SH_DYN_IMRT";"A";"Y0";"_T";"_T";"LBY";"M";"2000";"20.7666733379102"
"SH_DYN_IMRT";"A";"Y0";"_T";"_T";"LBY";"M";"2005";"16.7930057194977"
"SH_DYN_IMRT";"A";"Y0";"_T";"_T";"LBY";"M";"2010";"13.8060249593748"
"SH_DYN_IMRT";"A";"Y0";"_T";"_T";"LBY";"M";"2015";"11.4337735436627"
"SH_DYN_IMRT";"A";"Y0";"_T";"_T";"LBY";"M";"2020";"9.66994561152479"
"SH_DYN_IMRT";"A";"Y0";"_T";"_T";"NER";"M";"1995";"102.926708375763"
"SH_DYN_IMRT";"A";"Y0";"_T";"_T";"NER";"M";"2000";"81.8359515793093"
"SH_DYN_IMRT";"A";"Y0";"_T";"_T";"NER";"M";"2005";"63.7339584738168"
"SH_DYN_IMRT";"A";"Y0";"_T";"_T";"NER";"M";"2010";"53.615469731944"
"SH_DYN_IMRT";"A";"Y0";"_T";"_T";"NER";"M";"2015";"45.3399139477594"
"SH_DYN_IMRT";"A";"Y0";"_T";"_T";"NER";"M";"2020";"38.4885517954127"
"SH_DYN_IMRT";"A";"Y0";"_T";"_T";"OMN";"M";"1995";"21.7054912926399"
"SH_DYN_IMRT";"A";"Y0";"_T";"_T";"OMN";"M";"2000";"14.6414534399008"
"SH_DYN_IMRT";"A";"Y0";"_T";"_T";"OMN";"M";"2005";"9.7710341138223"
"SH_DYN_IMRT";"A";"Y0";"_T";"_T";"OMN";"M";"2010";"7.30959814330256"
"SH_DYN_IMRT";"A";"Y0";"_T";"_T";"OMN";"M";"2015";"6.21508623372258"
"SH_DYN_IMRT";"A";"Y0";"_T";"_T";"OMN";"M";"2020";"5.40528135890705"
"SH_DYN_IMRT";"A";"Y0";"_T";"_T";"PAK";"M";"1995";"82.4883305129734"
"SH_DYN_IMRT";"A";"Y0";"_T";"_T";"PAK";"M";"2000";"76.6382984970513"
"SH_DYN_IMRT";"A";"Y0";"_T";"_T";"PAK";"M";"2005";"71.3578572408132"
"SH_DYN_IMRT";"A";"Y0";"_T";"_T";"PAK";"M";"2010";"65.1304910723259"
"SH_DYN_IMRT";"A";"Y0";"_T";"_T";"PAK";"M";"2015";"58.712697025853"
"SH_DYN_IMRT";"A";"Y0";"_T";"_T";"PAK";"M";"2020";"52.9178327487821"
"SH_DYN_IMRT";"A";"Y0";"_T";"_T";"PSE";"M";"1995";"27.6363810434009"
"SH_DYN_IMRT";"A";"Y0";"_T";"_T";"PSE";"M";"2000";"24.5933843826388"
"SH_DYN_IMRT";"A";"Y0";"_T";"_T";"PSE";"M";"2005";"22.1942564476901"
"SH_DYN_IMRT";"A";"Y0";"_T";"_T";"PSE";"M";"2010";"19.2280470874677"
"SH_DYN_IMRT";"A";"Y0";"_T";"_T";"PSE";"M";"2015";"17.1409359053007"
"SH_DYN_IMRT";"A";"Y0";"_T";"_T";"PSE";"M";"2020";"15.4239192554694"
"SH_DYN_IMRT";"A";"Y0";"_T";"_T";"QAT";"M";"1995";"11.7799788157146"
"SH_DYN_IMRT";"A";"Y0";"_T";"_T";"QAT";"M";"2000";"9.4095699009229"
"SH_DYN_IMRT";"A";"Y0";"_T";"_T";"QAT";"M";"2005";"7.50967309684569"
"SH_DYN_IMRT";"A";"Y0";"_T";"_T";"QAT";"M";"2010";"6.45336730558832"
"SH_DYN_IMRT";"A";"Y0";"_T";"_T";"QAT";"M";"2015";"5.76695158254148"
"SH_DYN_IMRT";"A";"Y0";"_T";"_T";"QAT";"M";"2020";"5.20424978939216"
"SH_DYN_IMRT";"A";"Y0";"_T";"_T";"RUS";"M";"1995";"20.9692412655215"
"SH_DYN_IMRT";"A";"Y0";"_T";"_T";"RUS";"M";"2000";"16.1724115473364"
"SH_DYN_IMRT";"A";"Y0";"_T";"_T";"RUS";"M";"2005";"10.6818142361004"
"SH_DYN_IMRT";"A";"Y0";"_T";"_T";"RUS";"M";"2010";"9.67180882741947"
"SH_DYN_IMRT";"A";"Y0";"_T";"_T";"RUS";"M";"2015";"9.0771632973129"
"SH_DYN_IMRT";"A";"Y0";"_T";"_T";"RUS";"M";"2020";"8.58000432366102"
"SH_DYN_IMRT";"A";"Y0";"_T";"_T";"SAU";"M";"1995";"23.1620535150261"
"SH_DYN_IMRT";"A";"Y0";"_T";"_T";"SAU";"M";"2000";"18.0420966717127"
"SH_DYN_IMRT";"A";"Y0";"_T";"_T";"SAU";"M";"2005";"13.9808627128832"
"SH_DYN_IMRT";"A";"Y0";"_T";"_T";"SAU";"M";"2010";"11.1685228630896"
"SH_DYN_IMRT";"A";"Y0";"_T";"_T";"SAU";"M";"2015";"9.01178058904561"
"SH_DYN_IMRT";"A";"Y0";"_T";"_T";"SAU";"M";"2020";"7.56084547638747"
"SH_DYN_IMRT";"A";"Y0";"_T";"_T";"SDN";"M";"1995";"73.8301366301214"
"SH_DYN_IMRT";"A";"Y0";"_T";"_T";"SDN";"M";"2000";"66.8313416457771"
"SH_DYN_IMRT";"A";"Y0";"_T";"_T";"SDN";"M";"2005";"59.6620505961092"
"SH_DYN_IMRT";"A";"Y0";"_T";"_T";"SDN";"M";"2010";"55.0467413083285"
"SH_DYN_IMRT";"A";"Y0";"_T";"_T";"SDN";"M";"2015";"51.2580556316121"
"SH_DYN_IMRT";"A";"Y0";"_T";"_T";"SDN";"M";"2020";"47.872280275985"
"SH_DYN_IMRT";"A";"Y0";"_T";"_T";"SSD";"M";"1995";"113.914972646408"
"SH_DYN_IMRT";"A";"Y0";"_T";"_T";"SSD";"M";"2000";"101.404990532587"
"SH_DYN_IMRT";"A";"Y0";"_T";"_T";"SSD";"M";"2005";"89.6595563950183"
"SH_DYN_IMRT";"A";"Y0";"_T";"_T";"SSD";"M";"2010";"77.9945588940203"
"SH_DYN_IMRT";"A";"Y0";"_T";"_T";"SSD";"M";"2015";"67.5457871503463"
"SH_DYN_IMRT";"A";"Y0";"_T";"_T";"SSD";"M";"2020";"59.7881981008314"
"SH_DYN_IMRT";"A";"Y0";"_T";"_T";"SYR";"M";"1995";"21.2749165600705"
"SH_DYN_IMRT";"A";"Y0";"_T";"_T";"SYR";"M";"2000";"17.7733002838598"
"SH_DYN_IMRT";"A";"Y0";"_T";"_T";"SYR";"M";"2005";"14.9422733441634"
"SH_DYN_IMRT";"A";"Y0";"_T";"_T";"SYR";"M";"2010";"17.6872315978041"
"SH_DYN_IMRT";"A";"Y0";"_T";"_T";"SYR";"M";"2015";"14.3672475293966"
"SH_DYN_IMRT";"A";"Y0";"_T";"_T";"SYR";"M";"2020";"11.6509037863326"
"SH_DYN_IMRT";"A";"Y0";"_T";"_T";"TCD";"M";"1995";"114.434910805494"
"SH_DYN_IMRT";"A";"Y0";"_T";"_T";"TCD";"M";"2000";"110.226518302015"
"SH_DYN_IMRT";"A";"Y0";"_T";"_T";"TCD";"M";"2005";"105.296835282427"
"SH_DYN_IMRT";"A";"Y0";"_T";"_T";"TCD";"M";"2010";"95.8151459622532"
"SH_DYN_IMRT";"A";"Y0";"_T";"_T";"TCD";"M";"2015";"86.8033985695558"
"SH_DYN_IMRT";"A";"Y0";"_T";"_T";"TCD";"M";"2020";"78.1382047187745"
"SH_DYN_IMRT";"A";"Y0";"_T";"_T";"TJK";"M";"1995";"79.6505435907365"
"SH_DYN_IMRT";"A";"Y0";"_T";"_T";"TJK";"M";"2000";"63.0555930093138"
"SH_DYN_IMRT";"A";"Y0";"_T";"_T";"TJK";"M";"2005";"56.0059077203323"
"SH_DYN_IMRT";"A";"Y0";"_T";"_T";"TJK";"M";"2010";"56.7949386320842"
"SH_DYN_IMRT";"A";"Y0";"_T";"_T";"TJK";"M";"2015";"51.6624088664736"
"SH_DYN_IMRT";"A";"Y0";"_T";"_T";"TJK";"M";"2020";"46.922736122865"
"SH_DYN_IMRT";"A";"Y0";"_T";"_T";"TKM";"M";"1995";"61.2721220375289"
"SH_DYN_IMRT";"A";"Y0";"_T";"_T";"TKM";"M";"2000";"51.7535063320297"
"SH_DYN_IMRT";"A";"Y0";"_T";"_T";"TKM";"M";"2005";"50.4852322870956"
"SH_DYN_IMRT";"A";"Y0";"_T";"_T";"TKM";"M";"2010";"46.6998009938033"
"SH_DYN_IMRT";"A";"Y0";"_T";"_T";"TKM";"M";"2015";"43.2740454306779"
"SH_DYN_IMRT";"A";"Y0";"_T";"_T";"TKM";"M";"2020";"40.1686733580948"
"SH_DYN_IMRT";"A";"Y0";"_T";"_T";"TUR";"M";"1995";"37.0161314362889"
"SH_DYN_IMRT";"A";"Y0";"_T";"_T";"TUR";"M";"2000";"24.7217049294294"
"SH_DYN_IMRT";"A";"Y0";"_T";"_T";"TUR";"M";"2005";"16.3888432176832"
"SH_DYN_IMRT";"A";"Y0";"_T";"_T";"TUR";"M";"2010";"12.0379809963457"
"SH_DYN_IMRT";"A";"Y0";"_T";"_T";"TUR";"M";"2015";"8.99110410229065"
"SH_DYN_IMRT";"A";"Y0";"_T";"_T";"TUR";"M";"2020";"7.1460869447727"
"SH_DYN_IMRT";"A";"Y0";"_T";"_T";"UZB";"M";"1995";"54.7367035616945"
"SH_DYN_IMRT";"A";"Y0";"_T";"_T";"UZB";"M";"2000";"49.8819319714836"
"SH_DYN_IMRT";"A";"Y0";"_T";"_T";"UZB";"M";"2005";"47.1039270060341"
"SH_DYN_IMRT";"A";"Y0";"_T";"_T";"UZB";"M";"2010";"43.9861424837924"
"SH_DYN_IMRT";"A";"Y0";"_T";"_T";"UZB";"M";"2015";"40.3967127766855"
"SH_DYN_IMRT";"A";"Y0";"_T";"_T";"UZB";"M";"2020";"37.1619566837041"
"SH_DYN_IMRT";"A";"Y0";"_T";"_T";"YEM";"M";"1995";"75.3638846818074"
"SH_DYN_IMRT";"A";"Y0";"_T";"_T";"YEM";"M";"2000";"67.9630969180014"
"SH_DYN_IMRT";"A";"Y0";"_T";"_T";"YEM";"M";"2005";"61.3132295995722"
"SH_DYN_IMRT";"A";"Y0";"_T";"_T";"YEM";"M";"2010";"56.1582741846722"
"SH_DYN_IMRT";"A";"Y0";"_T";"_T";"YEM";"M";"2015";"51.7288945403904"
"SH_DYN_IMRT";"A";"Y0";"_T";"_T";"YEM";"M";"2020";"47.8667153123752"
"SH_DYN_IMRT";"A";"Y0";"_T";"_T";"BHR";"M";"2000";"9.75862874369948"
"SH_DYN_IMRT";"A";"Y0";"_T";"_T";"BHR";"M";"2005";"7.95752224135193"
"SH_DYN_IMRT";"A";"Y0";"_T";"_T";"BHR";"M";"2010";"6.91344011021211"
"SH_DYN_IMRT";"A";"Y0";"_T";"_T";"BHR";"M";"2015";"6.10067095829891"
"SH_DYN_IMRT";"A";"Y0";"_T";"_T";"BHR";"M";"2020";"5.3930246005639"
"SH_DYN_IMRT";"A";"Y0";"_T";"_T";"IRQ";"M";"2000";"34.3228678350604"
"SH_DYN_IMRT";"A";"Y0";"_T";"_T";"IRQ";"M";"2005";"32.8704199660324"
"SH_DYN_IMRT";"A";"Y0";"_T";"_T";"IRQ";"M";"2010";"28.1385851499296"
"SH_DYN_IMRT";"A";"Y0";"_T";"_T";"IRQ";"M";"2015";"24.531473082997"
"SH_DYN_IMRT";"A";"Y0";"_T";"_T";"IRQ";"M";"2020";"21.520011648641"
"SP_DYN_LE00";"A";"Y0";"_T";"_T";"BHR";"M";"2000";"74.961"
"SP_DYN_LE00";"A";"Y0";"_T";"_T";"BHR";"M";"2005";"75.844"
"SP_DYN_LE00";"A";"Y0";"_T";"_T";"BHR";"M";"2010";"76.532"
"SP_DYN_LE00";"A";"Y0";"_T";"_T";"BHR";"M";"2015";"77.226"
"SP_DYN_LE00";"A";"Y0";"_T";"_T";"BHR";"M";"2020";"77.913"
"SP_DYN_LE00";"A";"Y0";"_T";"_T";"IRQ";"M";"2000";"70.443"
"SP_DYN_LE00";"A";"Y0";"_T";"_T";"IRQ";"M";"2005";"68.495"
"SP_DYN_LE00";"A";"Y0";"_T";"_T";"IRQ";"M";"2010";"69.426"
"SP_DYN_LE00";"A";"Y0";"_T";"_T";"IRQ";"M";"2015";"70.247"
"SP_DYN_LE00";"A";"Y0";"_T";"_T";"IRQ";"M";"2020";"70.996"
"SP_DYN_LE00";"A";"Y0";"_T";"_T";"AFG";"M";"1995";"53.809"
"SP_DYN_LE00";"A";"Y0";"_T";"_T";"AFG";"M";"2000";"55.818"
"SP_DYN_LE00";"A";"Y0";"_T";"_T";"AFG";"M";"2005";"58.37"
"SP_DYN_LE00";"A";"Y0";"_T";"_T";"AFG";"M";"2010";"60.745"
"SP_DYN_LE00";"A";"Y0";"_T";"_T";"AFG";"M";"2015";"62.572"
"SP_DYN_LE00";"A";"Y0";"_T";"_T";"AFG";"M";"2020";"64.09"
"SP_DYN_LE00";"A";"Y0";"_T";"_T";"ARE";"M";"1995";"73.538"
"SP_DYN_LE00";"A";"Y0";"_T";"_T";"ARE";"M";"2000";"74.75"
"SP_DYN_LE00";"A";"Y0";"_T";"_T";"ARE";"M";"2005";"75.863"
"SP_DYN_LE00";"A";"Y0";"_T";"_T";"ARE";"M";"2010";"76.747"
"SP_DYN_LE00";"A";"Y0";"_T";"_T";"ARE";"M";"2015";"77.606"
"SP_DYN_LE00";"A";"Y0";"_T";"_T";"ARE";"M";"2020";"78.452"
"SP_DYN_LE00";"A";"Y0";"_T";"_T";"AZE";"M";"1995";"65.994"
"SP_DYN_LE00";"A";"Y0";"_T";"_T";"AZE";"M";"2000";"67.751"
"SP_DYN_LE00";"A";"Y0";"_T";"_T";"AZE";"M";"2005";"70.122"
"SP_DYN_LE00";"A";"Y0";"_T";"_T";"AZE";"M";"2010";"70.638"
"SP_DYN_LE00";"A";"Y0";"_T";"_T";"AZE";"M";"2015";"71.186"
"SP_DYN_LE00";"A";"Y0";"_T";"_T";"AZE";"M";"2020";"71.724"
"SP_DYN_LE00";"A";"Y0";"_T";"_T";"CYP";"M";"1995";"77.666"
"SP_DYN_LE00";"A";"Y0";"_T";"_T";"CYP";"M";"2000";"78.34"
"SP_DYN_LE00";"A";"Y0";"_T";"_T";"CYP";"M";"2005";"78.964"
"SP_DYN_LE00";"A";"Y0";"_T";"_T";"CYP";"M";"2010";"79.762"
"SP_DYN_LE00";"A";"Y0";"_T";"_T";"CYP";"M";"2015";"80.584"
"SP_DYN_LE00";"A";"Y0";"_T";"_T";"CYP";"M";"2020";"81.365"
"SP_DYN_LE00";"A";"Y0";"_T";"_T";"DJI";"M";"1995";"57.021"
"SP_DYN_LE00";"A";"Y0";"_T";"_T";"DJI";"M";"2000";"57.293"
"SP_DYN_LE00";"A";"Y0";"_T";"_T";"DJI";"M";"2005";"59.05"
"SP_DYN_LE00";"A";"Y0";"_T";"_T";"DJI";"M";"2010";"61.616"
"SP_DYN_LE00";"A";"Y0";"_T";"_T";"DJI";"M";"2015";"63.654"
"SP_DYN_LE00";"A";"Y0";"_T";"_T";"DJI";"M";"2020";"65.5"
"SP_DYN_LE00";"A";"Y0";"_T";"_T";"EGY";"M";"1995";"67.999"
"SP_DYN_LE00";"A";"Y0";"_T";"_T";"EGY";"M";"2000";"69.02"
"SP_DYN_LE00";"A";"Y0";"_T";"_T";"EGY";"M";"2005";"69.916"
"SP_DYN_LE00";"A";"Y0";"_T";"_T";"EGY";"M";"2010";"71.058"
"SP_DYN_LE00";"A";"Y0";"_T";"_T";"EGY";"M";"2015";"72.084"
"SP_DYN_LE00";"A";"Y0";"_T";"_T";"EGY";"M";"2020";"73.023"
"SP_DYN_LE00";"A";"Y0";"_T";"_T";"ERI";"M";"1995";"54.547"
"SP_DYN_LE00";"A";"Y0";"_T";"_T";"ERI";"M";"2000";"57.445"
"SP_DYN_LE00";"A";"Y0";"_T";"_T";"ERI";"M";"2005";"59.951"
"SP_DYN_LE00";"A";"Y0";"_T";"_T";"ERI";"M";"2010";"62.594"
"SP_DYN_LE00";"A";"Y0";"_T";"_T";"ERI";"M";"2015";"65.096"
"SP_DYN_LE00";"A";"Y0";"_T";"_T";"ERI";"M";"2020";"67.358"
"SP_DYN_LE00";"A";"Y0";"_T";"_T";"ETH";"M";"1995";"50.814"
"SP_DYN_LE00";"A";"Y0";"_T";"_T";"ETH";"M";"2000";"54.033"
"SP_DYN_LE00";"A";"Y0";"_T";"_T";"ETH";"M";"2005";"59.259"
"SP_DYN_LE00";"A";"Y0";"_T";"_T";"ETH";"M";"2010";"63.317"
"SP_DYN_LE00";"A";"Y0";"_T";"_T";"ETH";"M";"2015";"65.907"
"SP_DYN_LE00";"A";"Y0";"_T";"_T";"ETH";"M";"2020";"67.941"
"SP_DYN_LE00";"A";"Y0";"_T";"_T";"GEO";"M";"1995";"71.082"
"SP_DYN_LE00";"A";"Y0";"_T";"_T";"GEO";"M";"2000";"72.594"
"SP_DYN_LE00";"A";"Y0";"_T";"_T";"GEO";"M";"2005";"73.511"
"SP_DYN_LE00";"A";"Y0";"_T";"_T";"GEO";"M";"2010";"74.222"
"SP_DYN_LE00";"A";"Y0";"_T";"_T";"GEO";"M";"2015";"74.948"
"SP_DYN_LE00";"A";"Y0";"_T";"_T";"GEO";"M";"2020";"75.675"
"SP_DYN_LE00";"A";"Y0";"_T";"_T";"GRC";"M";"1995";"78.001"
"SP_DYN_LE00";"A";"Y0";"_T";"_T";"GRC";"M";"2000";"79.081"
"SP_DYN_LE00";"A";"Y0";"_T";"_T";"GRC";"M";"2005";"79.779"
"SP_DYN_LE00";"A";"Y0";"_T";"_T";"GRC";"M";"2010";"80.693"
"SP_DYN_LE00";"A";"Y0";"_T";"_T";"GRC";"M";"2015";"81.49"
"SP_DYN_LE00";"A";"Y0";"_T";"_T";"GRC";"M";"2020";"82.188"
"SP_DYN_LE00";"A";"Y0";"_T";"_T";"IND";"M";"1995";"61.153"
"SP_DYN_LE00";"A";"Y0";"_T";"_T";"IND";"M";"2000";"63.095"
"SP_DYN_LE00";"A";"Y0";"_T";"_T";"IND";"M";"2005";"64.925"
"SP_DYN_LE00";"A";"Y0";"_T";"_T";"IND";"M";"2010";"66.275"
"SP_DYN_LE00";"A";"Y0";"_T";"_T";"IND";"M";"2015";"67.464"
"SP_DYN_LE00";"A";"Y0";"_T";"_T";"IND";"M";"2020";"68.543"
"SP_DYN_LE00";"A";"Y0";"_T";"_T";"IRN";"M";"1995";"68.515"
"SP_DYN_LE00";"A";"Y0";"_T";"_T";"IRN";"M";"2000";"70.605"
"SP_DYN_LE00";"A";"Y0";"_T";"_T";"IRN";"M";"2005";"72.258"
"SP_DYN_LE00";"A";"Y0";"_T";"_T";"IRN";"M";"2010";"73.896"
"SP_DYN_LE00";"A";"Y0";"_T";"_T";"IRN";"M";"2015";"75.357"
"SP_DYN_LE00";"A";"Y0";"_T";"_T";"IRN";"M";"2020";"76.704"
"SP_DYN_LE00";"A";"Y0";"_T";"_T";"ITA";"M";"1995";"78.686"
"SP_DYN_LE00";"A";"Y0";"_T";"_T";"ITA";"M";"2000";"80.208"
"SP_DYN_LE00";"A";"Y0";"_T";"_T";"ITA";"M";"2005";"81.477"
"SP_DYN_LE00";"A";"Y0";"_T";"_T";"ITA";"M";"2010";"82.292"
"SP_DYN_LE00";"A";"Y0";"_T";"_T";"ITA";"M";"2015";"83.07"
"SP_DYN_LE00";"A";"Y0";"_T";"_T";"ITA";"M";"2020";"83.826"
"SP_DYN_LE00";"A";"Y0";"_T";"_T";"JOR";"M";"1995";"71.275"
"SP_DYN_LE00";"A";"Y0";"_T";"_T";"JOR";"M";"2000";"72.167"
"SP_DYN_LE00";"A";"Y0";"_T";"_T";"JOR";"M";"2005";"72.993"
"SP_DYN_LE00";"A";"Y0";"_T";"_T";"JOR";"M";"2010";"73.776"
"SP_DYN_LE00";"A";"Y0";"_T";"_T";"JOR";"M";"2015";"74.54"
"SP_DYN_LE00";"A";"Y0";"_T";"_T";"JOR";"M";"2020";"75.294"
"SP_DYN_LE00";"A";"Y0";"_T";"_T";"KAZ";"M";"1995";"62.97"
"SP_DYN_LE00";"A";"Y0";"_T";"_T";"KAZ";"M";"2000";"64.602"
"SP_DYN_LE00";"A";"Y0";"_T";"_T";"KAZ";"M";"2005";"65.716"
"SP_DYN_LE00";"A";"Y0";"_T";"_T";"KAZ";"M";"2010";"66.444"
"SP_DYN_LE00";"A";"Y0";"_T";"_T";"KAZ";"M";"2015";"67.212"
"SP_DYN_LE00";"A";"Y0";"_T";"_T";"KAZ";"M";"2020";"67.93"
"SP_DYN_LE00";"A";"Y0";"_T";"_T";"KWT";"M";"1995";"72.902"
"SP_DYN_LE00";"A";"Y0";"_T";"_T";"KWT";"M";"2000";"73.352"
"SP_DYN_LE00";"A";"Y0";"_T";"_T";"KWT";"M";"2005";"73.768"
"SP_DYN_LE00";"A";"Y0";"_T";"_T";"KWT";"M";"2010";"74.236"
"SP_DYN_LE00";"A";"Y0";"_T";"_T";"KWT";"M";"2015";"74.779"
"SP_DYN_LE00";"A";"Y0";"_T";"_T";"KWT";"M";"2020";"75.335"
"SP_DYN_LE00";"A";"Y0";"_T";"_T";"LBY";"M";"1995";"71.01"
"SP_DYN_LE00";"A";"Y0";"_T";"_T";"LBY";"M";"2000";"72.702"
"SP_DYN_LE00";"A";"Y0";"_T";"_T";"LBY";"M";"2005";"74.184"
"SP_DYN_LE00";"A";"Y0";"_T";"_T";"LBY";"M";"2010";"75.206"
"SP_DYN_LE00";"A";"Y0";"_T";"_T";"LBY";"M";"2015";"76.218"
"SP_DYN_LE00";"A";"Y0";"_T";"_T";"LBY";"M";"2020";"77.168"
"SP_DYN_LE00";"A";"Y0";"_T";"_T";"NER";"M";"1995";"48.94"
"SP_DYN_LE00";"A";"Y0";"_T";"_T";"NER";"M";"2000";"52.406"
"SP_DYN_LE00";"A";"Y0";"_T";"_T";"NER";"M";"2005";"55.637"
"SP_DYN_LE00";"A";"Y0";"_T";"_T";"NER";"M";"2010";"58.137"
"SP_DYN_LE00";"A";"Y0";"_T";"_T";"NER";"M";"2015";"60.496"
"SP_DYN_LE00";"A";"Y0";"_T";"_T";"NER";"M";"2020";"62.597"
"SP_DYN_LE00";"A";"Y0";"_T";"_T";"OMN";"M";"1995";"70.906"
"SP_DYN_LE00";"A";"Y0";"_T";"_T";"OMN";"M";"2000";"73.257"
"SP_DYN_LE00";"A";"Y0";"_T";"_T";"OMN";"M";"2005";"74.936"
"SP_DYN_LE00";"A";"Y0";"_T";"_T";"OMN";"M";"2010";"76.43"
"SP_DYN_LE00";"A";"Y0";"_T";"_T";"OMN";"M";"2015";"77.645"
"SP_DYN_LE00";"A";"Y0";"_T";"_T";"OMN";"M";"2020";"78.926"
"SP_DYN_LE00";"A";"Y0";"_T";"_T";"PAK";"M";"1995";"63.146"
"SP_DYN_LE00";"A";"Y0";"_T";"_T";"PAK";"M";"2000";"64.537"
"SP_DYN_LE00";"A";"Y0";"_T";"_T";"PAK";"M";"2005";"65.679"
"SP_DYN_LE00";"A";"Y0";"_T";"_T";"PAK";"M";"2010";"66.481"
"SP_DYN_LE00";"A";"Y0";"_T";"_T";"PAK";"M";"2015";"67.241"
"SP_DYN_LE00";"A";"Y0";"_T";"_T";"PAK";"M";"2020";"67.958"
"SP_DYN_LE00";"A";"Y0";"_T";"_T";"PSE";"M";"1995";"70.404"
"SP_DYN_LE00";"A";"Y0";"_T";"_T";"PSE";"M";"2000";"71.342"
"SP_DYN_LE00";"A";"Y0";"_T";"_T";"PSE";"M";"2005";"72.167"
"SP_DYN_LE00";"A";"Y0";"_T";"_T";"PSE";"M";"2010";"73.119"
"SP_DYN_LE00";"A";"Y0";"_T";"_T";"PSE";"M";"2015";"73.986"
"SP_DYN_LE00";"A";"Y0";"_T";"_T";"PSE";"M";"2020";"74.81"
"SP_DYN_LE00";"A";"Y0";"_T";"_T";"QAT";"M";"1995";"76.353"
"SP_DYN_LE00";"A";"Y0";"_T";"_T";"QAT";"M";"2000";"76.992"
"SP_DYN_LE00";"A";"Y0";"_T";"_T";"QAT";"M";"2005";"77.629"
"SP_DYN_LE00";"A";"Y0";"_T";"_T";"QAT";"M";"2010";"78.303"
"SP_DYN_LE00";"A";"Y0";"_T";"_T";"QAT";"M";"2015";"79.023"
"SP_DYN_LE00";"A";"Y0";"_T";"_T";"QAT";"M";"2020";"79.829"
"SP_DYN_LE00";"A";"Y0";"_T";"_T";"RUS";"M";"1995";"65.722"
"SP_DYN_LE00";"A";"Y0";"_T";"_T";"RUS";"M";"2000";"64.968"
"SP_DYN_LE00";"A";"Y0";"_T";"_T";"RUS";"M";"2005";"67.166"
"SP_DYN_LE00";"A";"Y0";"_T";"_T";"RUS";"M";"2010";"67.863"
"SP_DYN_LE00";"A";"Y0";"_T";"_T";"RUS";"M";"2015";"68.538"
"SP_DYN_LE00";"A";"Y0";"_T";"_T";"RUS";"M";"2020";"69.194"
"SP_DYN_LE00";"A";"Y0";"_T";"_T";"SAU";"M";"1995";"71.58"
"SP_DYN_LE00";"A";"Y0";"_T";"_T";"SAU";"M";"2000";"73.132"
"SP_DYN_LE00";"A";"Y0";"_T";"_T";"SAU";"M";"2005";"74.28"
"SP_DYN_LE00";"A";"Y0";"_T";"_T";"SAU";"M";"2010";"75.368"
"SP_DYN_LE00";"A";"Y0";"_T";"_T";"SAU";"M";"2015";"76.432"
"SP_DYN_LE00";"A";"Y0";"_T";"_T";"SAU";"M";"2020";"77.437"
"SP_DYN_LE00";"A";"Y0";"_T";"_T";"SDN";"M";"1995";"57.209"
"SP_DYN_LE00";"A";"Y0";"_T";"_T";"SDN";"M";"2000";"58.869"
"SP_DYN_LE00";"A";"Y0";"_T";"_T";"SDN";"M";"2005";"60.898"
"SP_DYN_LE00";"A";"Y0";"_T";"_T";"SDN";"M";"2010";"61.922"
"SP_DYN_LE00";"A";"Y0";"_T";"_T";"SDN";"M";"2015";"62.898"
"SP_DYN_LE00";"A";"Y0";"_T";"_T";"SDN";"M";"2020";"63.813"
"SP_DYN_LE00";"A";"Y0";"_T";"_T";"SSD";"M";"1995";"48.171"
"SP_DYN_LE00";"A";"Y0";"_T";"_T";"SSD";"M";"2000";"50.188"
"SP_DYN_LE00";"A";"Y0";"_T";"_T";"SSD";"M";"2005";"52.123"
"SP_DYN_LE00";"A";"Y0";"_T";"_T";"SSD";"M";"2010";"54.967"
"SP_DYN_LE00";"A";"Y0";"_T";"_T";"SSD";"M";"2015";"57.69"
"SP_DYN_LE00";"A";"Y0";"_T";"_T";"SSD";"M";"2020";"59.398"
"SP_DYN_LE00";"A";"Y0";"_T";"_T";"SYR";"M";"1995";"72.621"
"SP_DYN_LE00";"A";"Y0";"_T";"_T";"SYR";"M";"2000";"73.933"
"SP_DYN_LE00";"A";"Y0";"_T";"_T";"SYR";"M";"2005";"75.026"
"SP_DYN_LE00";"A";"Y0";"_T";"_T";"SYR";"M";"2010";"74.368"
"SP_DYN_LE00";"A";"Y0";"_T";"_T";"SYR";"M";"2015";"75.524"
"SP_DYN_LE00";"A";"Y0";"_T";"_T";"SYR";"M";"2020";"76.619"
"SP_DYN_LE00";"A";"Y0";"_T";"_T";"TCD";"M";"1995";"46.625"
"SP_DYN_LE00";"A";"Y0";"_T";"_T";"TCD";"M";"2000";"47.009"
"SP_DYN_LE00";"A";"Y0";"_T";"_T";"TCD";"M";"2005";"48.677"
"SP_DYN_LE00";"A";"Y0";"_T";"_T";"TCD";"M";"2010";"50.981"
"SP_DYN_LE00";"A";"Y0";"_T";"_T";"TCD";"M";"2015";"53.068"
"SP_DYN_LE00";"A";"Y0";"_T";"_T";"TCD";"M";"2020";"54.889"
"SP_DYN_LE00";"A";"Y0";"_T";"_T";"TJK";"M";"1995";"62.89"
"SP_DYN_LE00";"A";"Y0";"_T";"_T";"TJK";"M";"2000";"64.441"
"SP_DYN_LE00";"A";"Y0";"_T";"_T";"TJK";"M";"2005";"66.346"
"SP_DYN_LE00";"A";"Y0";"_T";"_T";"TJK";"M";"2010";"67.137"
"SP_DYN_LE00";"A";"Y0";"_T";"_T";"TJK";"M";"2015";"67.879"
"SP_DYN_LE00";"A";"Y0";"_T";"_T";"TJK";"M";"2020";"68.603"
"SP_DYN_LE00";"A";"Y0";"_T";"_T";"TKM";"M";"1995";"63.574"
"SP_DYN_LE00";"A";"Y0";"_T";"_T";"TKM";"M";"2000";"64.216"
"SP_DYN_LE00";"A";"Y0";"_T";"_T";"TKM";"M";"2005";"64.655"
"SP_DYN_LE00";"A";"Y0";"_T";"_T";"TKM";"M";"2010";"65.387"
"SP_DYN_LE00";"A";"Y0";"_T";"_T";"TKM";"M";"2015";"66.115"
"SP_DYN_LE00";"A";"Y0";"_T";"_T";"TKM";"M";"2020";"66.805"
"SP_DYN_LE00";"A";"Y0";"_T";"_T";"TUR";"M";"1995";"68.495"
"SP_DYN_LE00";"A";"Y0";"_T";"_T";"TUR";"M";"2000";"71.374"
"SP_DYN_LE00";"A";"Y0";"_T";"_T";"TUR";"M";"2005";"73.377"
"SP_DYN_LE00";"A";"Y0";"_T";"_T";"TUR";"M";"2010";"75.091"
"SP_DYN_LE00";"A";"Y0";"_T";"_T";"TUR";"M";"2015";"76.621"
"SP_DYN_LE00";"A";"Y0";"_T";"_T";"TUR";"M";"2020";"78.021"
"SP_DYN_LE00";"A";"Y0";"_T";"_T";"UZB";"M";"1995";"66.796"
"SP_DYN_LE00";"A";"Y0";"_T";"_T";"UZB";"M";"2000";"67.188"
"SP_DYN_LE00";"A";"Y0";"_T";"_T";"UZB";"M";"2005";"67.585"
"SP_DYN_LE00";"A";"Y0";"_T";"_T";"UZB";"M";"2010";"68.187"
"SP_DYN_LE00";"A";"Y0";"_T";"_T";"UZB";"M";"2015";"68.775"
"SP_DYN_LE00";"A";"Y0";"_T";"_T";"UZB";"M";"2020";"69.335"
"SP_DYN_LE00";"A";"Y0";"_T";"_T";"YEM";"M";"1995";"59.8"
"SP_DYN_LE00";"A";"Y0";"_T";"_T";"YEM";"M";"2000";"60.981"
"SP_DYN_LE00";"A";"Y0";"_T";"_T";"YEM";"M";"2005";"62.028"
"SP_DYN_LE00";"A";"Y0";"_T";"_T";"YEM";"M";"2010";"63.017"
"SP_DYN_LE00";"A";"Y0";"_T";"_T";"YEM";"M";"2015";"63.903"
"SP_DYN_LE00";"A";"Y0";"_T";"_T";"YEM";"M";"2020";"64.701"
"ID";"A";"Y0";"_T";"_T";"YEM";"M";"2015";"887"
"ID";"A";"Y0";"_T";"_T";"BHR";"M";"2015";"48"
"ID";"A";"Y0";"_T";"_T";"EGY";"M";"2015";"818"
"ID";"A";"Y0";"_T";"_T";"IRN";"M";"2015";"364"
"ID";"A";"Y0";"_T";"_T";"IRQ";"M";"2015";"368"
"ID";"A";"Y0";"_T";"_T";"ISR";"M";"2015";"376"
"ID";"A";"Y0";"_T";"_T";"JOR";"M";"2015";"400"
"ID";"A";"Y0";"_T";"_T";"KWT";"M";"2015";"414"
"ID";"A";"Y0";"_T";"_T";"LBN";"M";"2015";"422"
"ID";"A";"Y0";"_T";"_T";"OMN";"M";"2015";"512"
"ID";"A";"Y0";"_T";"_T";"PSE";"M";"2015";"275"
"ID";"A";"Y0";"_T";"_T";"QAT";"M";"2015";"634"
"ID";"A";"Y0";"_T";"_T";"SAU";"M";"2015";"682"
"ID";"A";"Y0";"_T";"_T";"SYR";"M";"2015";"760"
"ID";"A";"Y0";"_T";"_T";"TUR";"M";"2015";"792"
"ID";"A";"Y0";"_T";"_T";"ARE";"M";"2015";"784"

